route_id,train_number,sequence_no,station_id,distance_from_origin_km,scheduled_arrival,scheduled_departure,halt_minutes
12000_01,12000,1,JP,0.0,06:45,06:45,0
12000_02,12000,2,COR,193.5,09:19,09:21,2
12000_03,12000,3,JBP,662.9,15:35,15:37,2
12000_04,12000,4,ADI,1416.0,01:37,01:39,2
12000_05,12000,5,GHY,3383.3,03:51,03:53,2
12000_06,12000,6,NJP,3717.2,08:18,08:18,0
12001_01,12001,1,BCT,0.0,23:15,23:15,0
12001_02,12001,2,BBS,1370.2,05:41,05:43,2
12001_03,12001,3,KYN,2703.6,11:19,11:21,2
12001_04,12001,4,MAO,3142.1,21:04,21:04,0
12002_01,12002,1,BSP,0.0,21:30,21:30,0
12002_02,12002,2,NGP,331.8,03:01,03:03,2
12002_03,12002,3,CSMT,1029.7,14:39,14:41,2
12002_04,12002,4,KYN,1075.9,15:25,15:25,0
12003_01,12003,1,KYN,0.0,07:30,07:30,0
12003_02,12003,2,BBS,1333.3,13:07,13:09,2
12003_03,12003,3,BCT,2703.6,19:34,19:36,2
12003_04,12003,4,ST,2951.2,01:04,01:04,0
12004_01,12004,1,BBS,0.0,00:00,00:00,0
12004_02,12004,2,BCT,1370.2,22:50,22:52,2
12004_03,12004,3,ADI,1821.7,06:21,06:21,0
12005_01,12005,1,PURI,0.0,02:45,02:45,0
12005_02,12005,2,BBS,51.1,04:01,04:03,2
12005_03,12005,3,KYN,1384.4,13:21,13:23,2
12005_04,12005,4,JP,2279.9,11:44,11:46,2
12005_05,12005,5,JU,2563.5,18:50,18:50,0
12006_01,12006,1,GKP,0.0,06:45,06:45,0
12006_02,12006,2,PNBE,217.7,12:11,12:13,2
12006_03,12006,3,PRYJ,547.6,20:26,20:28,2
12006_04,12006,4,NDLS,1127.9,10:56,10:58,2
12006_05,12006,5,COR,1535.7,21:08,21:08,0
12007_01,12007,1,AII,0.0,20:00,20:00,0
12007_02,12007,2,JP,125.2,22:05,22:07,2
12007_03,12007,3,COR,318.7,01:18,01:20,2
12007_04,12007,4,BPL,582.4,05:42,05:44,2
12007_05,12007,5,JHS,852.1,10:12,10:12,0
12008_01,12008,1,MAO,0.0,03:45,03:45,0
12008_02,12008,2,UBL,125.2,06:31,06:31,0
12009_01,12009,1,BBS,0.0,22:45,22:45,0
12009_02,12009,2,VSKP,388.4,09:50,09:52,2
12009_03,12009,3,NDLS,1752.0,00:48,00:50,2
12009_04,12009,4,PRYJ,2332.3,17:23,17:25,2
12009_05,12009,5,PNBE,2662.2,02:48,02:50,2
12009_06,12009,6,MFP,2724.6,04:35,04:35,0
12010_01,12010,1,BSL,0.0,03:45,03:45,0
12010_02,12010,2,CSMT,387.0,10:11,10:13,2
12010_03,12010,3,SC,1008.4,20:33,20:35,2
12010_04,12010,4,MAS,1528.3,05:13,05:15,2
12010_05,12010,5,MDU,1950.8,12:15,12:15,0
12011_01,12011,1,ASN,0.0,16:30,16:30,0
12011_02,12011,2,MLDT,192.3,19:03,19:05,2
12011_03,12011,3,NJP,380.7,21:34,21:36,2
12011_04,12011,4,GHY,714.7,02:01,02:03,2
12011_05,12011,5,ADI,2681.9,04:15,04:15,0
12012_01,12012,1,UBL,0.0,23:45,23:45,0
12012_02,12012,2,MAO,125.2,01:25,01:25,0
12013_01,12013,1,RTM,0.0,05:45,05:45,0
12013_02,12013,2,COR,222.1,08:42,08:44,2
12013_03,12013,3,JP,415.6,11:17,11:19,2
12013_04,12013,4,TVC,2468.8,14:40,14:42,2
12013_05,12013,5,MDU,2673.7,17:23,17:23,0
12014_01,12014,1,NJP,0.0,20:30,20:30,0
12014_02,12014,2,GHY,334.0,06:02,06:04,2
12014_03,12014,3,ADI,2301.2,14:14,14:16,2
12014_04,12014,4,BCT,2752.6,03:08,03:10,2
12014_05,12014,5,BBS,4122.9,18:17,18:19,2
12014_06,12014,6,CTC,4145.4,18:56,18:56,0
12015_01,12015,1,MYS,0.0,07:30,07:30,0
12015_02,12015,2,SBC,124.2,09:09,09:11,2
12015_03,12015,3,SC,629.8,15:53,15:55,2
12015_04,12015,4,MAS,1149.7,22:49,22:51,2
12015_05,12015,5,MS,1151.6,22:51,22:51,0
12016_01,12016,1,NJP,0.0,07:30,07:30,0
12016_02,12016,2,GHY,334.0,15:50,15:52,2
12016_03,12016,3,ADI,2301.2,17:01,17:03,2
12016_04,12016,4,BCT,2752.6,04:18,04:20,2
12016_05,12016,5,NGP,3450.8,21:46,21:48,2
12016_06,12016,6,SUR,3962.7,10:34,10:34,0
12017_01,12017,1,LDH,0.0,02:15,02:15,0
12017_02,12017,2,UMB,110.1,04:41,04:41,0
12018_01,12018,1,BWN,0.0,04:15,04:15,0
12018_02,12018,2,MLDT,201.0,07:35,07:37,2
12018_03,12018,3,SDAH,474.9,12:09,12:11,2
12018_04,12018,4,NDLS,1780.2,09:55,09:57,2
12018_05,12018,5,VSKP,3143.8,08:38,08:40,2
12018_06,12018,6,BBS,3532.2,15:07,15:07,0
12019_01,12019,1,SUR,0.0,17:45,17:45,0
12019_02,12019,2,NGP,512.0,00:34,00:36,2
12019_03,12019,3,BSP,843.8,05:00,05:02,2
12019_04,12019,4,PRYJ,1219.5,10:00,10:02,2
12019_05,12019,5,PNBE,1549.4,14:24,14:26,2
12019_06,12019,6,GKP,1767.0,17:18,17:18,0
12020_01,12020,1,GKP,0.0,13:45,13:45,0
12020_02,12020,2,PNBE,217.7,17:22,17:24,2
12020_03,12020,3,PRYJ,547.6,22:52,22:54,2
12020_04,12020,4,PUNE,1673.5,17:38,17:40,2
12020_05,12020,5,DD,1748.4,18:53,18:55,2
12020_06,12020,6,BSL,2061.7,00:06,00:06,0
12021_01,12021,1,MAO,0.0,22:00,22:00,0
12021_02,12021,2,UBL,125.2,23:40,23:42,2
12021_03,12021,3,MYS,501.7,04:41,04:41,0
12022_01,12022,1,JBP,0.0,12:45,12:45,0
12022_02,12022,2,COR,469.4,02:09,02:09,0
12023_01,12023,1,CSMT,0.0,12:45,12:45,0
12023_02,12023,2,DLI,1169.3,08:14,08:16,2
12023_03,12023,3,NDLS,1171.4,08:16,08:18,2
12023_04,12023,4,ASR,1573.3,14:58,14:58,0
12024_01,12024,1,TPJ,0.0,19:15,19:15,0
12024_02,12024,2,MAS,306.8,02:55,02:57,2
12024_03,12024,3,SC,826.8,15:55,15:57,2
12024_04,12024,4,SBC,1332.4,04:33,04:33,0
12025_01,12025,1,AII,0.0,15:00,15:00,0
12025_02,12025,2,JP,125.2,17:05,17:07,2
12025_03,12025,3,KYN,1020.7,08:00,08:02,2
12025_04,12025,4,BBS,2354.0,06:14,06:14,0
12026_01,12026,1,AGC,0.0,12:15,12:15,0
12026_02,12026,2,PRYJ,429.4,22:59,23:01,2
12026_03,12026,3,NDLS,1009.7,13:29,13:31,2
12026_04,12026,4,LDH,1293.1,20:34,20:34,0
12027_01,12027,1,RTM,0.0,19:00,19:00,0
12027_02,12027,2,COR,222.1,23:56,23:58,2
12027_03,12027,3,JP,415.6,04:14,04:14,0
12028_01,12028,1,JHS,0.0,00:00,00:00,0
12028_02,12028,2,BPL,269.7,03:35,03:37,2
12028_03,12028,3,COR,533.4,07:06,07:08,2
12028_04,12028,4,JP,726.9,09:41,09:43,2
12028_05,12028,5,TVC,2780.1,13:04,13:04,0
12029_01,12029,1,BZA,0.0,14:15,14:15,0
12029_02,12029,2,BPL,822.3,03:57,03:59,2
12029_03,12029,3,JBP,1081.2,08:16,08:18,2
12029_04,12029,4,ADI,1834.3,20:49,20:51,2
12029_05,12029,5,GHY,3801.6,05:36,05:36,0
12030_01,12030,1,BSL,0.0,06:45,06:45,0
12030_02,12030,2,CSMT,387.0,13:11,13:13,2
12030_03,12030,3,KYN,433.2,13:58,14:00,2
12030_04,12030,4,BBS,1766.5,12:11,12:13,2
12030_05,12030,5,CTC,1789.0,12:34,12:34,0
12031_01,12031,1,UMB,0.0,12:30,12:30,0
12031_02,12031,2,LDH,110.1,15:38,15:38,0
12032_01,12032,1,UBL,0.0,02:45,02:45,0
12032_02,12032,2,SBC,373.1,07:43,07:45,2
12032_03,12032,3,BPL,1517.5,22:59,23:01,2
12032_04,12032,4,COR,1781.2,02:29,02:31,2
12032_05,12032,5,RTM,2003.3,05:27,05:27,0
12033_01,12033,1,PUNE,0.0,11:15,11:15,0
12033_02,12033,2,CSMT,118.6,12:49,12:51,2
12033_03,12033,3,SC,740.0,21:06,21:08,2
12033_04,12033,4,SBC,1245.6,03:51,03:51,0
12034_01,12034,1,BZA,0.0,20:00,20:00,0
12034_02,12034,2,SC,247.0,03:03,03:05,2
12034_03,12034,3,CSMT,868.4,20:48,20:50,2
12034_04,12034,4,SUR,1222.5,06:55,06:55,0
12035_01,12035,1,UBL,0.0,06:00,06:00,0
12035_02,12035,2,MAO,125.2,08:46,08:48,2
12035_03,12035,3,KYN,563.8,18:31,18:33,2
12035_04,12035,4,PUNE,675.0,21:00,21:00,0
12036_01,12036,1,SC,0.0,15:00,15:00,0
12036_02,12036,2,MAS,520.0,23:39,23:41,2
12036_03,12036,3,KGP,1790.1,20:50,20:52,2
12036_04,12036,4,HWH,1898.9,22:38,22:40,2
12036_05,12036,5,BWN,1986.4,00:06,00:06,0
12037_01,12037,1,CBE,0.0,08:30,08:30,0
12037_02,12037,2,MAS,428.1,14:12,14:14,2
12037_03,12037,3,KGP,1698.2,07:08,07:10,2
12037_04,12037,4,PNBE,2125.1,12:50,12:52,2
12037_05,12037,5,DHN,2365.4,16:02,16:02,0
12038_01,12038,1,PNBE,0.0,23:00,23:00,0
12038_02,12038,2,KGP,426.9,09:40,09:42,2
12038_03,12038,3,MAS,1697.0,17:25,17:27,2
12038_04,12038,4,ERS,2252.6,07:18,07:18,0
12039_01,12039,1,MYS,0.0,09:00,09:00,0
12039_02,12039,2,SBC,124.2,11:04,11:06,2
12039_03,12039,3,BPL,1268.7,06:08,06:10,2
12039_04,12039,4,COR,1532.3,10:32,10:34,2
12039_05,12039,5,RTM,1754.4,14:14,14:16,2
12039_06,12039,6,ST,2082.9,19:42,19:42,0
12040_01,12040,1,TVC,0.0,18:45,18:45,0
12040_02,12040,2,JP,2053.2,16:22,16:24,2
12040_03,12040,3,KYN,2948.7,12:16,12:18,2
12040_04,12040,4,PUNE,3059.9,14:44,14:44,0
12041_01,12041,1,JHS,0.0,18:15,18:15,0
12041_02,12041,2,PRYJ,329.9,23:44,23:46,2
12041_03,12041,3,PNBE,659.8,05:14,05:16,2
12041_04,12041,4,KGP,1086.7,12:21,12:21,0
12042_01,12042,1,HWH,0.0,21:00,21:00,0
12042_02,12042,2,KGP,108.9,00:06,00:08,2
12042_03,12042,3,ROU,363.1,07:22,07:24,2
12042_04,12042,4,BSP,643.4,15:22,15:24,2
12042_05,12042,5,DURG,775.9,19:10,19:10,0
12043_01,12043,1,BCT,0.0,11:45,11:45,0
12043_02,12043,2,BBS,1370.2,02:53,02:55,2
12043_03,12043,3,VSKP,1758.7,13:59,14:01,2
12043_04,12043,4,MAS,2368.2,07:24,07:26,2
12043_05,12043,5,CBE,2796.4,19:38,19:38,0
12044_01,12044,1,BSP,0.0,20:30,20:30,0
12044_02,12044,2,PRYJ,375.7,00:27,00:27,0
12045_01,12045,1,CSMT,0.0,15:00,15:00,0
12045_02,12045,2,NGP,697.9,00:18,00:20,2
12045_03,12045,3,BSP,1029.7,04:43,04:45,2
12045_04,12045,4,JBP,1286.4,08:09,08:09,0
12046_01,12046,1,GHY,0.0,14:15,14:15,0
12046_02,12046,2,GKP,834.7,11:07,11:09,2
12046_03,12046,3,PNBE,1052.4,16:33,16:35,2
12046_04,12046,4,PRYJ,1382.3,00:48,00:48,0
12047_01,12047,1,GHY,0.0,20:30,20:30,0
12047_02,12047,2,GKP,834.7,17:22,17:24,2
12047_03,12047,3,MFP,1047.8,22:41,22:41,0
12048_01,12048,1,SC,0.0,15:45,15:45,0
12048_02,12048,2,BZA,247.0,21:14,21:16,2
12048_03,12048,3,BPL,1069.4,15:30,15:32,2
12048_04,12048,4,JBP,1328.3,21:16,21:18,2
12048_05,12048,5,ADI,2081.4,14:00,14:00,0
12049_01,12049,1,GHY,0.0,08:30,08:30,0
12049_02,12049,2,ADI,1967.2,09:40,09:42,2
12049_03,12049,3,ST,2172.1,14:48,14:48,0
12050_01,12050,1,JBP,0.0,02:30,02:30,0
12050_02,12050,2,ADI,753.1,00:01,00:03,2
12050_03,12050,3,BCT,1204.5,12:54,12:56,2
12050_04,12050,4,BBS,2574.7,04:03,04:05,2
12050_05,12050,5,PURI,2625.8,05:31,05:31,0
12051_01,12051,1,COR,0.0,14:45,14:45,0
12051_02,12051,2,JBP,469.4,22:34,22:36,2
12051_03,12051,3,ADI,1222.5,11:07,11:09,2
12051_04,12051,4,GHY,3189.7,19:54,19:56,2
12051_05,12051,5,NJP,3523.7,01:28,01:28,0
12052_01,12052,1,LDH,0.0,10:15,10:15,0
12052_02,12052,2,NDLS,283.4,14:01,14:03,2
12052_03,12052,3,PRYJ,863.7,21:45,21:47,2
12052_04,12052,4,PUNE,1989.6,12:46,12:46,0
12053_01,12053,1,AII,0.0,08:30,08:30,0
12053_02,12053,2,JP,125.2,10:35,10:37,2
12053_03,12053,3,COR,318.7,13:48,13:50,2
12053_04,12053,4,NDLS,726.5,20:36,20:38,2
12053_05,12053,5,PRYJ,1306.8,06:16,06:18,2
12053_06,12053,6,PNBE,1636.7,11:46,11:48,2
12053_07,12053,7,DHN,1877.0,15:46,15:46,0
12054_01,12054,1,VSKP,0.0,08:00,08:00,0
12054_02,12054,2,NDLS,1363.6,02:10,02:12,2
12054_03,12054,3,COR,1771.3,07:37,07:37,0
12055_01,12055,1,MS,0.0,23:45,23:45,0
12055_02,12055,2,MAS,1.9,23:46,23:48,2
12055_03,12055,3,KGP,1272.0,13:08,13:10,2
12055_04,12055,4,PNBE,1698.9,17:37,17:39,2
12055_05,12055,5,GAYA,1790.4,18:35,18:35,0
12056_01,12056,1,AII,0.0,22:45,22:45,0
12056_02,12056,2,JP,125.2,02:19,02:21,2
12056_03,12056,3,TVC,2178.4,12:59,13:01,2
12056_04,12056,4,MDU,2383.3,18:50,18:50,0
12057_01,12057,1,BZA,0.0,00:00,00:00,0
12057_02,12057,2,SC,247.0,03:17,03:19,2
12057_03,12057,3,MAS,767.0,10:13,10:15,2
12057_04,12057,4,KGP,2037.1,03:09,03:09,0
12058_01,12058,1,NDLS,0.0,07:30,07:30,0
12058_02,12058,2,VSKP,1363.6,01:40,01:42,2
12058_03,12058,3,BBS,1752.0,06:51,06:51,0
12059_01,12059,1,BSP,0.0,17:30,17:30,0
12059_02,12059,2,ROU,280.2,22:10,22:12,2
12059_03,12059,3,KGP,534.5,02:24,02:26,2
12059_04,12059,4,MAS,1804.6,23:34,23:36,2
12059_05,12059,5,TVC,2431.3,10:01,10:01,0
12060_01,12060,1,GHY,0.0,11:45,11:45,0
12060_02,12060,2,ADI,1967.2,13:58,14:00,2
12060_03,12060,3,JBP,2720.3,00:01,00:03,2
12060_04,12060,4,BPL,2979.2,03:28,03:30,2
12060_05,12060,5,SBC,4123.7,18:43,18:43,0
12061_01,12061,1,VSKP,0.0,03:15,03:15,0
12061_02,12061,2,NDLS,1363.6,01:58,02:00,2
12061_03,12061,3,DLI,1365.6,02:00,02:00,0
12062_01,12062,1,UMB,0.0,22:15,22:15,0
12062_02,12062,2,NDLS,193.7,03:05,03:07,2
12062_03,12062,3,SDAH,1499.1,11:43,11:43,0
12063_01,12063,1,GAYA,0.0,08:30,08:30,0
12063_02,12063,2,DHN,182.7,13:04,13:04,0
12064_01,12064,1,HWH,0.0,07:30,07:30,0
12064_02,12064,2,SDAH,3.1,07:33,07:35,2
12064_03,12064,3,NDLS,1308.5,05:18,05:20,2
12064_04,12064,4,COR,1716.3,12:06,12:08,2
12064_05,12064,5,RTM,1938.4,15:48,15:48,0
12065_01,12065,1,MFP,0.0,17:15,17:15,0
12065_02,12065,2,PNBE,62.4,17:56,17:58,2
12065_03,12065,3,PRYJ,392.3,21:36,21:38,2
12065_04,12065,4,NDLS,972.6,04:03,04:05,2
12065_05,12065,5,DLI,974.7,04:04,04:04,0
12066_01,12066,1,VSKP,0.0,17:30,17:30,0
12066_02,12066,2,BBS,388.4,02:07,02:09,2
12066_03,12066,3,BCT,1758.7,08:34,08:36,2
12066_04,12066,4,NGP,2456.8,00:05,00:05,0
12067_01,12067,1,DURG,0.0,15:00,15:00,0
12067_02,12067,2,BSP,132.6,18:18,18:20,2
12067_03,12067,3,ROU,412.8,01:19,01:21,2
12067_04,12067,4,KGP,667.1,07:40,07:42,2
12067_05,12067,5,HWH,775.9,10:23,10:25,2
12067_06,12067,6,ASN,963.0,15:04,15:04,0
12068_01,12068,1,BPL,0.0,15:45,15:45,0
12068_02,12068,2,NGP,292.4,19:38,19:40,2
12068_03,12068,3,CSMT,990.2,04:57,04:57,0
12069_01,12069,1,NJP,0.0,01:30,01:30,0
12069_02,12069,2,MLDT,188.4,04:38,04:40,2
12069_03,12069,3,SDAH,462.3,09:12,09:14,2
12069_04,12069,4,NDLS,1767.7,06:57,06:59,2
12069_05,12069,5,LDH,2051.1,11:41,11:41,0
12070_01,12070,1,BPL,0.0,02:45,02:45,0
12070_02,12070,2,COR,263.7,07:08,07:10,2
12070_03,12070,3,JP,457.2,10:22,10:24,2
12070_04,12070,4,JU,740.8,15:05,15:05,0
12071_01,12071,1,AII,0.0,21:00,21:00,0
12071_02,12071,2,JP,125.2,22:40,22:42,2
12071_03,12071,3,KYN,1020.7,10:36,10:38,2
12071_04,12071,4,CSMT,1066.9,11:13,11:15,2
12071_05,12071,5,SUR,1421.0,15:56,15:56,0
12072_01,12072,1,BWN,0.0,09:00,09:00,0
12072_02,12072,2,MLDT,201.0,11:40,11:42,2
12072_03,12072,3,NJP,389.4,14:11,14:13,2
12072_04,12072,4,GHY,723.4,18:38,18:40,2
12072_05,12072,5,ADI,2690.6,20:52,20:52,0
12073_01,12073,1,PURI,0.0,13:15,13:15,0
12073_02,12073,2,BAM,121.9,14:52,14:54,2
12073_03,12073,3,VSKP,358.5,18:01,18:03,2
12073_04,12073,4,NDLS,1722.1,12:12,12:14,2
12073_05,12073,5,SDAH,3027.5,05:36,05:36,0
12074_01,12074,1,MYS,0.0,14:30,14:30,0
12074_02,12074,2,SBC,124.2,16:34,16:36,2
12074_03,12074,3,SC,629.8,00:59,01:01,2
12074_04,12074,4,MAS,1149.7,09:39,09:41,2
12074_05,12074,5,MS,1151.6,09:41,09:41,0
12075_01,12075,1,BPL,0.0,09:00,09:00,0
12075_02,12075,2,COR,263.7,14:51,14:53,2
12075_03,12075,3,JP,457.2,19:09,19:11,2
12075_04,12075,4,TVC,2510.4,16:47,16:47,0
12076_01,12076,1,SC,0.0,06:15,06:15,0
12076_02,12076,2,SBC,505.6,11:34,11:34,0
12077_01,12077,1,CTC,0.0,07:15,07:15,0
12077_02,12077,2,BBS,22.5,07:29,07:31,2
12077_03,12077,3,BCT,1392.7,21:54,21:56,2
12077_04,12077,4,NGP,2090.9,05:15,05:17,2
12077_05,12077,5,BSP,2422.7,08:45,08:45,0
12078_01,12078,1,MDU,0.0,13:45,13:45,0
12078_02,12078,2,MAS,422.4,20:47,20:49,2
12078_03,12078,3,SC,942.4,05:27,05:29,2
12078_04,12078,4,CSMT,1563.8,15:48,15:50,2
12078_05,12078,5,SUR,1917.8,21:42,21:42,0
12079_01,12079,1,DURG,0.0,01:15,01:15,0
12079_02,12079,2,BSP,132.6,03:01,03:03,2
12079_03,12079,3,ROU,412.8,06:45,06:47,2
12079_04,12079,4,KGP,667.1,10:08,10:10,2
12079_05,12079,5,MAS,1937.1,03:04,03:06,2
12079_06,12079,6,ERS,2492.8,10:29,10:29,0
12080_01,12080,1,NDLS,0.0,14:00,14:00,0
12080_02,12080,2,PRYJ,580.3,23:40,23:42,2
12080_03,12080,3,PNBE,910.2,05:10,05:12,2
12080_04,12080,4,KGP,1337.1,12:17,12:17,0
12081_01,12081,1,R,0.0,20:15,20:15,0
12081_02,12081,2,NGP,264.1,02:07,02:09,2
12081_03,12081,3,BCT,962.2,17:37,17:39,2
12081_04,12081,4,BBS,2332.4,00:04,00:04,0
12082_01,12082,1,GHY,0.0,20:15,20:15,0
12082_02,12082,2,NJP,334.0,00:42,00:44,2
12082_03,12082,3,MLDT,522.4,03:12,03:14,2
12082_04,12082,4,SDAH,796.3,06:52,06:52,0
12083_01,12083,1,VSKP,0.0,01:15,01:15,0
12083_02,12083,2,BBS,388.4,07:43,07:45,2
12083_03,12083,3,BCT,1758.7,06:33,06:35,2
12083_04,12083,4,ST,2006.3,10:41,10:41,0
12084_01,12084,1,BCT,0.0,18:30,18:30,0
12084_02,12084,2,NGP,698.1,03:48,03:50,2
12084_03,12084,3,DLI,1553.8,15:13,15:13,0
12085_01,12085,1,NJP,0.0,09:45,09:45,0
12085_02,12085,2,MLDT,188.4,12:15,12:17,2
12085_03,12085,3,SDAH,462.3,15:54,15:54,0
12086_01,12086,1,VSKP,0.0,14:00,14:00,0
12086_02,12086,2,MAS,609.6,22:07,22:07,0
12087_01,12087,1,ERS,0.0,23:30,23:30,0
12087_02,12087,2,MAS,555.6,11:50,11:52,2
12087_03,12087,3,SC,1075.6,23:24,23:26,2
12087_04,12087,4,CSMT,1697.0,13:12,13:14,2
12087_05,12087,5,NGP,2394.9,04:43,04:43,0
12088_01,12088,1,ERS,0.0,07:00,07:00,0
12088_02,12088,2,MAS,555.6,13:10,13:12,2
12088_03,12088,3,VSKP,1165.2,19:56,19:58,2
12088_04,12088,4,BBS,1553.7,00:15,00:17,2
12088_05,12088,5,CTC,1576.2,00:30,00:30,0
12089_01,12089,1,UBL,0.0,18:00,18:00,0
12089_02,12089,2,SBC,373.1,04:39,04:41,2
12089_03,12089,3,BPL,1517.5,13:21,13:23,2
12089_04,12089,4,NGP,1809.9,21:42,21:44,2
12089_05,12089,5,R,2074.0,05:15,05:15,0
12090_01,12090,1,UBL,0.0,20:45,20:45,0
12090_02,12090,2,SBC,373.1,01:43,01:45,2
12090_03,12090,3,SC,878.7,08:27,08:29,2
12090_04,12090,4,MAS,1398.6,15:23,15:25,2
12090_05,12090,5,KGP,2668.7,08:19,08:21,2
12090_06,12090,6,PNBE,3095.6,14:01,14:03,2
12090_07,12090,7,MFP,3158.1,14:51,14:51,0
12091_01,12091,1,VSKP,0.0,13:45,13:45,0
12091_02,12091,2,NDLS,1363.6,20:03,20:05,2
12091_03,12091,3,PRYJ,1943.9,08:56,08:58,2
12091_04,12091,4,PNBE,2273.8,16:16,16:18,2
12091_05,12091,5,MFP,2336.2,17:39,17:39,0
12092_01,12092,1,KYN,0.0,10:30,10:30,0
12092_02,12092,2,JP,895.5,01:25,01:27,2
12092_03,12092,3,JU,1179.1,06:09,06:09,0
12093_01,12093,1,BSP,0.0,10:45,10:45,0
12093_02,12093,2,ROU,280.2,16:58,17:00,2
12093_03,12093,3,KGP,534.5,22:37,22:39,2
12093_04,12093,4,HWH,643.4,01:02,01:02,0
12094_01,12094,1,DURG,0.0,12:00,12:00,0
12094_02,12094,2,BSP,132.6,14:12,14:14,2
12094_03,12094,3,JBP,389.3,18:29,18:31,2
12094_04,12094,4,COR,858.7,02:18,02:20,2
12094_05,12094,5,JP,1052.3,05:32,05:34,2
12094_06,12094,6,AII,1177.4,07:37,07:37,0
12095_01,12095,1,JP,0.0,10:00,10:00,0
12095_02,12095,2,KYN,895.5,00:55,00:55,0
12096_01,12096,1,MYS,0.0,00:45,00:45,0
12096_02,12096,2,SBC,124.2,03:30,03:32,2
12096_03,12096,3,BPL,1268.7,04:56,04:58,2
12096_04,12096,4,JHS,1538.4,10:56,10:56,0
12097_01,12097,1,GKP,0.0,11:45,11:45,0
12097_02,12097,2,PNBE,217.7,15:22,15:24,2
12097_03,12097,3,PRYJ,547.6,20:52,20:54,2
12097_04,12097,4,PUNE,1673.5,15:38,15:40,2
12097_05,12097,5,DD,1748.4,16:53,16:55,2
12097_06,12097,6,BSL,2061.7,22:06,22:06,0
12098_01,12098,1,HYB,0.0,06:30,06:30,0
12098_02,12098,2,SC,6.0,06:40,06:42,2
12098_03,12098,3,MAS,526.0,21:31,21:33,2
12098_04,12098,4,KGP,1796.1,09:48,09:50,2
12098_05,12098,5,HWH,1905.0,12:55,12:57,2
12098_06,12098,6,MLDT,2176.7,20:41,20:43,2
12098_07,12098,7,NJP,2365.1,02:04,02:04,0
12099_01,12099,1,MDU,0.0,14:45,14:45,0
12099_02,12099,2,MAS,422.4,00:08,00:10,2
12099_03,12099,3,KGP,1692.5,04:21,04:23,2
12099_04,12099,4,HWH,1801.4,06:46,06:48,2
12099_05,12099,5,ASN,1988.4,10:56,10:56,0
12100_01,12100,1,SDAH,0.0,19:15,19:15,0
12100_02,12100,2,NDLS,1305.4,00:15,00:17,2
12100_03,12100,3,PRYJ,1885.7,13:09,13:11,2
12100_04,12100,4,PUNE,3011.6,14:10,14:10,0
12101_01,12101,1,KGP,0.0,00:45,00:45,0
12101_02,12101,2,PNBE,426.9,07:51,07:51,0
12102_01,12102,1,KYN,0.0,03:45,03:45,0
12102_02,12102,2,BBS,1333.3,09:22,09:22,0
12103_01,12103,1,SDAH,0.0,15:30,15:30,0
12103_02,12103,2,NDLS,1305.4,04:47,04:49,2
12103_03,12103,3,VSKP,2668.9,19:45,19:47,2
12103_04,12103,4,BZA,2984.4,04:46,04:46,0
12104_01,12104,1,MAS,0.0,15:45,15:45,0
12104_02,12104,2,KGP,1270.1,12:55,12:55,0
12105_01,12105,1,PURI,0.0,12:15,12:15,0
12105_02,12105,2,BBS,51.1,12:55,12:57,2
12105_03,12105,3,KYN,1384.4,06:42,06:44,2
12105_04,12105,4,JP,2279.9,18:38,18:38,0
12106_01,12106,1,ERS,0.0,04:00,04:00,0
12106_02,12106,2,MAS,555.6,17:53,17:53,0
12107_01,12107,1,VSKP,0.0,13:30,13:30,0
12107_02,12107,2,BZA,315.5,22:30,22:32,2
12107_03,12107,3,SC,562.5,05:34,05:36,2
12107_04,12107,4,SBC,1068.1,20:01,20:03,2
12107_05,12107,5,MYS,1192.3,23:33,23:33,0
12108_01,12108,1,BCT,0.0,00:30,00:30,0
12108_02,12108,2,BBS,1370.2,23:20,23:22,2
12108_03,12108,3,VSKP,1758.7,05:48,05:50,2
12108_04,12108,4,MAS,2368.2,15:58,15:58,0
12109_01,12109,1,TATA,0.0,18:45,18:45,0
12109_02,12109,2,ROU,148.9,23:00,23:02,2
12109_03,12109,3,BSP,429.2,07:00,07:02,2
12109_04,12109,4,NGP,761.0,16:29,16:31,2
12109_05,12109,5,DLI,1616.6,16:56,16:56,0
12110_01,12110,1,BPL,0.0,15:30,15:30,0
12110_02,12110,2,COR,263.7,19:00,19:02,2
12110_03,12110,3,NDLS,671.4,00:27,00:29,2
12110_04,12110,4,SDAH,1976.8,17:51,17:53,2
12110_05,12110,5,HWH,1980.0,17:53,17:55,2
12110_06,12110,6,BWN,2067.4,19:03,19:03,0
12111_01,12111,1,LDH,0.0,12:45,12:45,0
12111_02,12111,2,NDLS,283.4,20:50,20:52,2
12111_03,12111,3,VSKP,1647.0,11:48,11:50,2
12111_04,12111,4,MAS,2256.5,05:13,05:15,2
12111_05,12111,5,MDU,2678.9,17:17,17:17,0
12112_01,12112,1,UMB,0.0,22:15,22:15,0
12112_02,12112,2,NDLS,193.7,01:28,01:30,2
12112_03,12112,3,COR,601.5,08:16,08:18,2
12112_04,12112,4,BPL,865.2,12:40,12:40,0
12113_01,12113,1,CBE,0.0,13:00,13:00,0
12113_02,12113,2,MAS,428.1,20:08,20:10,2
12113_03,12113,3,VSKP,1037.7,06:17,06:19,2
12113_04,12113,4,NDLS,2401.3,05:01,05:03,2
12113_05,12113,5,PRYJ,2981.6,14:41,14:43,2
12113_06,12113,6,AGC,3410.9,21:50,21:50,0
12114_01,12114,1,UMB,0.0,12:45,12:45,0
12114_02,12114,2,NDLS,193.7,15:19,15:21,2
12114_03,12114,3,COR,601.5,20:46,20:48,2
12114_04,12114,4,BPL,865.2,00:17,00:19,2
12114_05,12114,5,SBC,2009.6,15:32,15:32,0
12115_01,12115,1,BSP,0.0,04:45,04:45,0
12115_02,12115,2,NGP,331.8,14:13,14:15,2
12115_03,12115,3,BCT,1030.0,10:10,10:10,0
12116_01,12116,1,NGP,0.0,18:30,18:30,0
12116_02,12116,2,BSP,331.8,22:55,22:57,2
12116_03,12116,3,ROU,612.0,02:39,02:41,2
12116_04,12116,4,KGP,866.3,06:03,06:05,2
12116_05,12116,5,HWH,975.2,07:30,07:32,2
12116_06,12116,6,ASN,1162.2,09:59,09:59,0
12117_01,12117,1,BPL,0.0,14:00,14:00,0
12117_02,12117,2,COR,263.7,19:51,19:53,2
12117_03,12117,3,NDLS,671.4,04:55,04:57,2
12117_04,12117,4,SDAH,1976.8,09:55,09:57,2
12117_05,12117,5,HWH,1980.0,09:59,09:59,0
12118_01,12118,1,MS,0.0,04:45,04:45,0
12118_02,12118,2,MAS,1.9,04:46,04:48,2
12118_03,12118,3,TVC,628.6,11:44,11:46,2
12118_04,12118,4,JP,2681.8,10:32,10:32,0
12119_01,12119,1,BPL,0.0,02:45,02:45,0
12119_02,12119,2,BZA,822.3,21:01,21:01,0
12120_01,12120,1,BCT,0.0,22:45,22:45,0
12120_02,12120,2,BBS,1370.2,21:35,21:37,2
12120_03,12120,3,CTC,1392.7,21:57,21:57,0
12121_01,12121,1,BZA,0.0,21:45,21:45,0
12121_02,12121,2,PUNE,749.0,14:23,14:25,2
12121_03,12121,3,KYN,860.2,16:51,16:51,0
12122_01,12122,1,UMB,0.0,15:00,15:00,0
12122_02,12122,2,NDLS,193.7,19:50,19:52,2
12122_03,12122,3,DLI,195.8,19:53,19:55,2
12122_04,12122,4,CSMT,1365.1,01:07,01:09,2
12122_05,12122,5,SC,1986.5,16:39,16:41,2
12122_06,12122,6,HYB,1992.5,16:48,16:48,0
12123_01,12123,1,SC,0.0,21:30,21:30,0
12123_02,12123,2,CSMT,621.4,07:51,07:53,2
12123_03,12123,3,SUR,975.5,13:45,13:45,0
12124_01,12124,1,BBS,0.0,03:00,03:00,0
12124_02,12124,2,VSKP,388.4,07:05,07:07,2
12124_03,12124,3,BZA,703.9,10:24,10:26,2
12124_04,12124,4,SC,950.9,13:00,13:02,2
12124_05,12124,5,SBC,1456.6,18:19,18:19,0
12125_01,12125,1,NJP,0.0,00:00,00:00,0
12125_02,12125,2,GHY,334.0,08:20,08:22,2
12125_03,12125,3,GKP,1168.7,05:13,05:15,2
12125_04,12125,4,PNBE,1386.4,10:39,10:39,0
12126_01,12126,1,UMB,0.0,11:30,11:30,0
12126_02,12126,2,NDLS,193.7,13:32,13:34,2
12126_03,12126,3,DLI,195.8,13:33,13:35,2
12126_04,12126,4,NGP,1051.5,22:34,22:36,2
12126_05,12126,5,BCT,1749.6,05:55,05:55,0
12127_01,12127,1,GHY,0.0,13:15,13:15,0
12127_02,12127,2,NJP,334.0,18:48,18:50,2
12127_03,12127,3,MLDT,522.4,21:57,21:59,2
12127_04,12127,4,BWN,723.4,01:18,01:18,0
12128_01,12128,1,PNBE,0.0,12:15,12:15,0
12128_02,12128,2,MFP,62.4,12:54,12:54,0
12129_01,12129,1,AII,0.0,14:30,14:30,0
12129_02,12129,2,JP,125.2,16:35,16:37,2
12129_03,12129,3,TVC,2178.4,02:48,02:48,0
12130_01,12130,1,JP,0.0,14:30,14:30,0
12130_02,12130,2,KYN,895.5,12:53,12:55,2
12130_03,12130,3,BBS,2228.9,22:13,22:15,2
12130_04,12130,4,CTC,2251.4,22:47,22:47,0
12131_01,12131,1,R,0.0,14:30,14:30,0
12131_02,12131,2,BSP,107.2,16:17,16:19,2
12131_03,12131,3,ROU,387.4,20:57,20:59,2
12131_04,12131,4,KGP,641.7,01:11,01:13,2
12131_05,12131,5,MAS,1911.8,22:21,22:23,2
12131_06,12131,6,TPJ,2218.5,03:28,03:28,0
12132_01,12132,1,TVC,0.0,13:30,13:30,0
12132_02,12132,2,MAS,626.7,05:10,05:12,2
12132_03,12132,3,SC,1146.7,18:10,18:12,2
12132_04,12132,4,CSMT,1768.1,09:42,09:44,2
12132_05,12132,5,DLI,2937.4,14:56,14:56,0
12133_01,12133,1,JP,0.0,12:45,12:45,0
12133_02,12133,2,COR,193.5,15:58,16:00,2
12133_03,12133,3,JBP,662.9,23:47,23:47,0
12134_01,12134,1,HWH,0.0,11:30,11:30,0
12134_02,12134,2,SDAH,3.1,11:33,11:35,2
12134_03,12134,3,NDLS,1308.5,09:18,09:20,2
12134_04,12134,4,VSKP,2672.1,08:02,08:04,2
12134_05,12134,5,BAM,2908.7,11:58,12:00,2
12134_06,12134,6,PURI,3030.6,14:00,14:00,0
12135_01,12135,1,DURG,0.0,21:45,21:45,0
12135_02,12135,2,BSP,132.6,23:13,23:15,2
12135_03,12135,3,PRYJ,508.3,03:23,03:25,2
12135_04,12135,4,NDLS,1088.6,09:50,09:50,0
12136_01,12136,1,VSKP,0.0,21:00,21:00,0
12136_02,12136,2,BBS,388.4,02:10,02:12,2
12136_03,12136,3,KYN,1721.8,19:57,19:59,2
12136_04,12136,4,CSMT,1768.0,20:34,20:34,0
12137_01,12137,1,ERS,0.0,09:15,09:15,0
12137_02,12137,2,MAS,555.6,16:39,16:41,2
12137_03,12137,3,SC,1075.6,23:35,23:37,2
12137_04,12137,4,SBC,1581.2,06:19,06:19,0
12138_01,12138,1,ERS,0.0,20:15,20:15,0
12138_02,12138,2,TVC,180.6,23:15,23:17,2
12138_03,12138,3,JP,2233.8,09:28,09:30,2
12138_04,12138,4,COR,2427.3,12:42,12:44,2
12138_05,12138,5,JBP,2896.7,20:31,20:33,2
12138_06,12138,6,ADI,3649.8,09:04,09:04,0
12139_01,12139,1,SC,0.0,23:15,23:15,0
12139_02,12139,2,BZA,247.0,05:25,05:27,2
12139_03,12139,3,VSKP,562.5,13:18,13:20,2
12139_04,12139,4,BBS,950.9,23:01,23:03,2
12139_05,12139,5,CTC,973.5,23:35,23:35,0
12140_01,12140,1,HYB,0.0,20:00,20:00,0
12140_02,12140,2,SC,6.0,20:08,20:10,2
12140_03,12140,3,MAS,526.0,07:41,07:43,2
12140_04,12140,4,KGP,1796.1,11:54,11:56,2
12140_05,12140,5,HWH,1905.0,14:19,14:19,0
12141_01,12141,1,DLI,0.0,18:30,18:30,0
12141_02,12141,2,NGP,855.7,05:54,05:56,2
12141_03,12141,3,BCT,1553.8,15:13,15:13,0
12142_01,12142,1,TATA,0.0,09:30,09:30,0
12142_02,12142,2,KGP,127.8,10:50,10:52,2
12142_03,12142,3,HWH,236.7,11:59,12:01,2
12142_04,12142,4,ASN,423.7,13:57,13:57,0
12143_01,12143,1,SBC,0.0,04:30,04:30,0
12143_02,12143,2,SC,505.6,12:55,12:57,2
12143_03,12143,3,MAS,1025.6,21:35,21:37,2
12143_04,12143,4,KGP,2295.7,18:45,18:47,2
12143_05,12143,5,PNBE,2722.6,01:52,01:54,2
12143_06,12143,6,GKP,2940.3,05:30,05:30,0
12144_01,12144,1,MS,0.0,05:30,05:30,0
12144_02,12144,2,MAS,1.9,05:32,05:32,0
12145_01,12145,1,ST,0.0,09:30,09:30,0
12145_02,12145,2,RTM,328.5,16:48,16:50,2
12145_03,12145,3,COR,550.6,21:44,21:46,2
12145_04,12145,4,JP,744.1,02:02,02:04,2
12145_05,12145,5,JU,1027.8,08:20,08:20,0
12146_01,12146,1,ADI,0.0,02:15,02:15,0
12146_02,12146,2,RTM,254.3,05:38,05:40,2
12146_03,12146,3,COR,476.4,08:36,08:38,2
12146_04,12146,4,NDLS,884.2,14:02,14:04,2
12146_05,12146,5,SDAH,2189.6,07:26,07:26,0
12147_01,12147,1,UBL,0.0,23:45,23:45,0
12147_02,12147,2,MAO,125.2,02:31,02:33,2
12147_03,12147,3,KYN,563.8,12:16,12:18,2
12147_04,12147,4,BBS,1897.2,17:54,17:54,0
12148_01,12148,1,JBP,0.0,02:45,02:45,0
12148_02,12148,2,ADI,753.1,12:47,12:47,0
12149_01,12149,1,CSMT,0.0,14:30,14:30,0
12149_02,12149,2,KYN,46.2,15:06,15:08,2
12149_03,12149,3,BBS,1379.6,08:53,08:55,2
12149_04,12149,4,CTC,1402.1,09:11,09:11,0
12150_01,12150,1,R,0.0,18:45,18:45,0
12150_02,12150,2,NGP,264.1,01:21,01:23,2
12150_03,12150,3,BPL,556.4,08:39,08:41,2
12150_04,12150,4,SBC,1700.9,13:16,13:16,0
12151_01,12151,1,ST,0.0,03:15,03:15,0
12151_02,12151,2,BCT,247.6,08:45,08:47,2
12151_03,12151,3,NGP,945.7,00:15,00:17,2
12151_04,12151,4,CSMT,1643.6,15:46,15:48,2
12151_05,12151,5,SC,2265.0,05:34,05:36,2
12151_06,12151,6,HYB,2271.0,05:43,05:43,0
12152_01,12152,1,JU,0.0,17:30,17:30,0
12152_02,12152,2,JP,283.6,00:35,00:37,2
12152_03,12152,3,KYN,1179.1,22:58,23:00,2
12152_04,12152,4,PUNE,1290.3,01:45,01:45,0
12153_01,12153,1,SC,0.0,20:45,20:45,0
12153_02,12153,2,BZA,247.0,02:55,02:57,2
12153_03,12153,3,VSKP,562.5,10:48,10:50,2
12153_04,12153,4,BBS,950.9,20:31,20:31,0
12154_01,12154,1,DURG,0.0,03:15,03:15,0
12154_02,12154,2,R,36.5,04:09,04:11,2
12154_03,12154,3,NGP,300.6,10:45,10:47,2
12154_04,12154,4,DLI,1156.3,08:09,08:09,0
12155_01,12155,1,NGP,0.0,03:00,03:00,0
12155_02,12155,2,DLI,855.7,22:00,22:00,0
12156_01,12156,1,PURI,0.0,12:45,12:45,0
12156_02,12156,2,BAM,121.9,14:22,14:24,2
12156_03,12156,3,VSKP,358.5,17:31,17:33,2
12156_04,12156,4,NDLS,1722.1,11:42,11:44,2
12156_05,12156,5,COR,2129.9,17:08,17:08,0
12157_01,12157,1,PRYJ,0.0,22:45,22:45,0
12157_02,12157,2,BSP,375.7,07:05,07:05,0
12158_01,12158,1,TVC,0.0,13:00,13:00,0
12158_02,12158,2,MAS,626.7,04:40,04:42,2
12158_03,12158,3,SC,1146.7,17:40,17:42,2
12158_04,12158,4,SBC,1652.3,06:18,06:18,0
12159_01,12159,1,RTM,0.0,08:00,08:00,0
12159_02,12159,2,COR,222.1,13:33,13:35,2
12159_03,12159,3,JP,415.6,18:23,18:25,2
12159_04,12159,4,AII,540.8,21:31,21:31,0
12160_01,12160,1,DURG,0.0,14:15,14:15,0
12160_02,12160,2,BSP,132.6,16:27,16:29,2
12160_03,12160,3,PRYJ,508.3,22:43,22:43,0
12161_01,12161,1,JBP,0.0,21:30,21:30,0
12161_02,12161,2,BSP,256.7,00:12,00:14,2
12161_03,12161,3,PRYJ,632.4,04:09,04:09,0
12162_01,12162,1,TPJ,0.0,11:00,11:00,0
12162_02,12162,2,MDU,115.7,13:34,13:36,2
12162_03,12162,3,TVC,320.5,18:07,18:09,2
12162_04,12162,4,JP,2373.7,15:44,15:46,2
12162_05,12162,5,KYN,3269.3,11:39,11:41,2
12162_06,12162,6,MAO,3707.8,21:23,21:23,0
12163_01,12163,1,JHS,0.0,03:45,03:45,0
12163_02,12163,2,PRYJ,329.9,09:14,09:16,2
12163_03,12163,3,NDLS,910.3,18:55,18:57,2
12163_04,12163,4,VSKP,2273.8,17:38,17:38,0
12164_01,12164,1,KYN,0.0,20:00,20:00,0
12164_02,12164,2,CSMT,46.2,20:46,20:48,2
12164_03,12164,3,NGP,744.1,08:24,08:26,2
12164_04,12164,4,BSP,1075.9,13:55,13:55,0
12165_01,12165,1,BSL,0.0,04:15,04:15,0
12165_02,12165,2,SUR,376.6,10:31,10:33,2
12165_03,12165,3,NGP,888.6,19:03,19:05,2
12165_04,12165,4,BCT,1586.7,06:41,06:41,0
12166_01,12166,1,SUR,0.0,06:15,06:15,0
12166_02,12166,2,NGP,512.0,20:52,20:54,2
12166_03,12166,3,BCT,1210.1,16:49,16:51,2
12166_04,12166,4,RTM,1746.8,08:09,08:09,0
12167_01,12167,1,ST,0.0,04:00,04:00,0
12167_02,12167,2,BCT,247.6,08:07,08:09,2
12167_03,12167,3,NGP,945.7,19:45,19:47,2
12167_04,12167,4,BPL,1238.1,00:38,00:38,0
12168_01,12168,1,VSKP,0.0,04:30,04:30,0
12168_02,12168,2,BZA,315.5,11:30,11:32,2
12168_03,12168,3,BPL,1137.8,05:47,05:49,2
12168_04,12168,4,JBP,1396.7,11:32,11:32,0
12169_01,12169,1,ADI,0.0,00:15,00:15,0
12169_02,12169,2,GHY,1967.2,09:02,09:04,2
12169_03,12169,3,GKP,2802.0,22:56,22:58,2
12169_04,12169,4,MFP,3015.0,02:29,02:29,0
12170_01,12170,1,CSMT,0.0,07:30,07:30,0
12170_02,12170,2,DLI,1169.3,16:54,16:56,2
12170_03,12170,3,NDLS,1171.4,16:58,17:00,2
12170_04,12170,4,ASR,1573.3,04:27,04:27,0
12171_01,12171,1,PUNE,0.0,04:45,04:45,0
12171_02,12171,2,PRYJ,1125.9,23:30,23:32,2
12171_03,12171,3,PNBE,1455.8,05:00,05:02,2
12171_04,12171,4,MFP,1518.2,06:03,06:03,0
12172_01,12172,1,MS,0.0,15:45,15:45,0
12172_02,12172,2,MAS,1.9,15:47,15:49,2
12172_03,12172,3,VSKP,611.5,07:02,07:04,2
12172_04,12172,4,NDLS,1975.0,17:07,17:09,2
12172_05,12172,5,SDAH,3280.4,01:45,01:45,0
12173_01,12173,1,MYS,0.0,03:45,03:45,0
12173_02,12173,2,SBC,124.2,05:24,05:26,2
12173_03,12173,3,BPL,1268.7,20:39,20:41,2
12173_04,12173,4,JHS,1538.4,00:15,00:17,2
12173_05,12173,5,PRYJ,1868.3,04:39,04:39,0
12174_01,12174,1,MAS,0.0,01:30,01:30,0
12174_02,12174,2,VSKP,609.6,15:02,15:04,2
12174_03,12174,3,BBS,998.0,23:40,23:40,0
12175_01,12175,1,JP,0.0,01:45,01:45,0
12175_02,12175,2,COR,193.5,06:03,06:05,2
12175_03,12175,3,BPL,457.2,11:54,11:56,2
12175_04,12175,4,BZA,1279.5,06:11,06:11,0
12176_01,12176,1,JBP,0.0,03:45,03:45,0
12176_02,12176,2,BPL,258.9,07:12,07:14,2
12176_03,12176,3,JHS,528.6,10:47,10:47,0
12177_01,12177,1,KGP,0.0,02:30,02:30,0
12177_02,12177,2,HWH,108.9,03:38,03:40,2
12177_03,12177,3,MLDT,380.6,06:30,06:32,2
12177_04,12177,4,NJP,569.1,08:29,08:29,0
12178_01,12178,1,ERS,0.0,08:30,08:30,0
12178_02,12178,2,MAS,555.6,14:20,14:22,2
12178_03,12178,3,KGP,1825.7,03:43,03:45,2
12178_04,12178,4,HWH,1934.6,04:51,04:53,2
12178_05,12178,5,BWN,2022.1,05:47,05:47,0
12179_01,12179,1,AGC,0.0,14:45,14:45,0
12179_02,12179,2,PRYJ,429.4,20:28,20:30,2
12179_03,12179,3,PNBE,759.3,00:52,00:54,2
12179_04,12179,4,KGP,1186.2,06:33,06:35,2
12179_05,12179,5,MAS,2456.3,23:30,23:32,2
12179_06,12179,6,ERS,3011.9,06:54,06:54,0
12180_01,12180,1,HWH,0.0,20:15,20:15,0
12180_02,12180,2,MLDT,271.7,03:02,03:04,2
12180_03,12180,3,NJP,460.2,07:45,07:47,2
12180_04,12180,4,GHY,794.1,16:06,16:08,2
12180_05,12180,5,ADI,2761.4,17:17,17:19,2
12180_06,12180,6,BCT,3212.8,04:34,04:34,0
12181_01,12181,1,GHY,0.0,13:30,13:30,0
12181_02,12181,2,NJP,334.0,20:55,20:55,0
12182_01,12182,1,ST,0.0,23:00,23:00,0
12182_02,12182,2,RTM,328.5,04:28,04:30,2
12182_03,12182,3,COR,550.6,08:10,08:12,2
12182_04,12182,4,JP,744.1,11:24,11:24,0
12183_01,12183,1,UMB,0.0,08:30,08:30,0
12183_02,12183,2,NDLS,193.7,11:43,11:45,2
12183_03,12183,3,PRYJ,774.0,21:24,21:26,2
12183_04,12183,4,PNBE,1103.9,02:53,02:55,2
12183_05,12183,5,GKP,1321.6,06:31,06:33,2
12183_06,12183,6,GHY,2156.3,20:26,20:26,0
12184_01,12184,1,BWN,0.0,02:00,02:00,0
12184_02,12184,2,HWH,87.5,03:56,03:58,2
12184_03,12184,3,KGP,196.4,06:21,06:23,2
12184_04,12184,4,ROU,450.6,12:00,12:02,2
12184_05,12184,5,BSP,730.8,18:14,18:16,2
12184_06,12184,6,R,838.0,20:37,20:37,0
12185_01,12185,1,RTM,0.0,03:30,03:30,0
12185_02,12185,2,BCT,536.7,09:08,09:10,2
12185_03,12185,3,BBS,1906.9,23:34,23:36,2
12185_04,12185,4,KYN,3240.3,13:36,13:36,0
12186_01,12186,1,ADI,0.0,18:30,18:30,0
12186_02,12186,2,GHY,1967.2,20:43,20:45,2
12186_03,12186,3,NJP,2301.2,01:10,01:12,2
12186_04,12186,4,MLDT,2489.6,03:41,03:43,2
12186_05,12186,5,ASN,2681.9,06:15,06:15,0
12187_01,12187,1,BSP,0.0,21:45,21:45,0
12187_02,12187,2,PRYJ,375.7,02:45,02:47,2
12187_03,12187,3,NDLS,956.0,10:29,10:31,2
12187_04,12187,4,SDAH,2261.4,03:54,03:54,0
12188_01,12188,1,BPL,0.0,09:30,09:30,0
12188_02,12188,2,JBP,258.9,12:13,12:15,2
12188_03,12188,3,BSP,515.6,14:55,14:57,2
12188_04,12188,4,ROU,795.9,17:52,17:54,2
12188_05,12188,5,TATA,944.8,19:26,19:26,0
12189_01,12189,1,ASR,0.0,06:15,06:15,0
12189_02,12189,2,NDLS,401.9,11:36,11:38,2
12189_03,12189,3,SDAH,1707.3,05:00,05:02,2
12189_04,12189,4,HWH,1710.4,05:03,05:03,0
12190_01,12190,1,BSP,0.0,03:30,03:30,0
12190_02,12190,2,JBP,256.7,07:46,07:48,2
12190_03,12190,3,COR,726.1,15:36,15:38,2
12190_04,12190,4,JP,919.7,18:49,18:51,2
12190_05,12190,5,JU,1203.3,23:33,23:33,0
12191_01,12191,1,JBP,0.0,08:15,08:15,0
12191_02,12191,2,COR,469.4,16:04,16:06,2
12191_03,12191,3,JP,662.9,19:17,19:19,2
12191_04,12191,4,TVC,2716.2,05:31,05:33,2
12191_05,12191,5,MDU,2921.0,08:56,08:56,0
12192_01,12192,1,ADI,0.0,19:00,19:00,0
12192_02,12192,2,GHY,1967.2,03:12,03:12,0
12193_01,12193,1,ERS,0.0,08:00,08:00,0
12193_02,12193,2,MAS,555.6,23:52,23:54,2
12193_03,12193,3,KGP,1825.7,12:09,12:11,2
12193_04,12193,4,ROU,2080.0,19:25,19:27,2
12193_05,12193,5,BSP,2360.2,03:26,03:26,0
12194_01,12194,1,MFP,0.0,09:30,09:30,0
12194_02,12194,2,PNBE,62.4,11:03,11:05,2
12194_03,12194,3,PRYJ,392.3,19:18,19:20,2
12194_04,12194,4,NDLS,972.6,09:48,09:50,2
12194_05,12194,5,VSKP,2336.2,19:54,19:54,0
12195_01,12195,1,ASR,0.0,04:45,04:45,0
12195_02,12195,2,NDLS,401.9,11:26,11:28,2
12195_03,12195,3,DLI,404.0,11:29,11:31,2
12195_04,12195,4,CSMT,1573.3,06:58,06:58,0
12196_01,12196,1,SUR,0.0,00:00,00:00,0
12196_02,12196,2,NGP,512.0,12:47,12:49,2
12196_03,12196,3,BSP,843.8,21:05,21:07,2
12196_04,12196,4,ROU,1124.0,04:06,04:08,2
12196_05,12196,5,KGP,1378.3,10:27,10:29,2
12196_06,12196,6,HWH,1487.1,13:10,13:12,2
12196_07,12196,7,BWN,1574.6,15:21,15:21,0
12197_01,12197,1,SBC,0.0,13:45,13:45,0
12197_02,12197,2,SC,505.6,22:10,22:12,2
12197_03,12197,3,MAS,1025.6,06:50,06:52,2
12197_04,12197,4,MS,1027.5,06:52,06:52,0
12198_01,12198,1,LDH,0.0,23:30,23:30,0
12198_02,12198,2,NDLS,283.4,04:13,04:15,2
12198_03,12198,3,PRYJ,863.7,13:53,13:55,2
12198_04,12198,4,PNBE,1193.6,19:23,19:23,0
12199_01,12199,1,MYS,0.0,01:15,01:15,0
12199_02,12199,2,SBC,124.2,02:54,02:56,2
12199_03,12199,3,SC,629.8,09:38,09:40,2
12199_04,12199,4,MAS,1149.7,16:34,16:36,2
12199_05,12199,5,CBE,1577.9,22:17,22:17,0
12200_01,12200,1,PNBE,0.0,21:00,21:00,0
12200_02,12200,2,PRYJ,329.9,05:14,05:16,2
12200_03,12200,3,JHS,659.8,13:29,13:31,2
12200_04,12200,4,BPL,929.5,20:14,20:16,2
12200_05,12200,5,SBC,2074.0,00:51,00:53,2
12200_06,12200,6,UBL,2447.1,10:10,10:10,0
12201_01,12201,1,VSKP,0.0,15:45,15:45,0
12201_02,12201,2,NDLS,1363.6,01:50,01:52,2
12201_03,12201,3,SDAH,2668.9,10:28,10:30,2
12201_04,12201,4,MLDT,2942.8,17:19,17:21,2
12201_05,12201,5,NJP,3131.3,22:01,22:01,0
12202_01,12202,1,GKP,0.0,16:00,16:00,0
12202_02,12202,2,PNBE,217.7,19:37,19:39,2
12202_03,12202,3,PRYJ,547.6,01:07,01:09,2
12202_04,12202,4,NDLS,1127.9,10:47,10:49,2
12202_05,12202,5,VSKP,2491.4,09:31,09:31,0
12203_01,12203,1,ASR,0.0,21:45,21:45,0
12203_02,12203,2,NDLS,401.9,04:26,04:28,2
12203_03,12203,3,PRYJ,982.2,14:07,14:09,2
12203_04,12203,4,PNBE,1312.1,19:37,19:39,2
12203_05,12203,5,GKP,1529.8,23:14,23:16,2
12203_06,12203,6,GHY,2364.5,13:09,13:09,0
12204_01,12204,1,MS,0.0,07:45,07:45,0
12204_02,12204,2,MAS,1.9,07:46,07:48,2
12204_03,12204,3,KGP,1272.0,04:56,04:58,2
12204_04,12204,4,ROU,1526.2,09:11,09:13,2
12204_05,12204,5,BSP,1806.5,13:51,13:51,0
12205_01,12205,1,ERS,0.0,09:15,09:15,0
12205_02,12205,2,MAS,555.6,15:25,15:27,2
12205_03,12205,3,SC,1075.6,21:12,21:14,2
12205_04,12205,4,CSMT,1697.0,04:06,04:08,2
12205_05,12205,5,BSL,2084.0,08:24,08:24,0
12206_01,12206,1,MYS,0.0,09:30,09:30,0
12206_02,12206,2,SBC,124.2,13:02,13:04,2
12206_03,12206,3,SC,629.8,03:29,03:31,2
12206_04,12206,4,MAS,1149.7,18:20,18:22,2
12206_05,12206,5,KGP,2419.8,06:38,06:40,2
12206_06,12206,6,HWH,2528.7,09:44,09:46,2
12206_07,12206,7,ASN,2715.8,15:05,15:05,0
12207_01,12207,1,SDAH,0.0,13:15,13:15,0
12207_02,12207,2,NDLS,1305.4,06:39,06:41,2
12207_03,12207,3,DLI,1307.5,06:40,06:42,2
12207_04,12207,4,CSMT,2476.7,22:16,22:16,0
12208_01,12208,1,ASN,0.0,07:30,07:30,0
12208_02,12208,2,DHN,54.8,08:13,08:15,2
12208_03,12208,3,PNBE,295.1,11:26,11:28,2
12208_04,12208,4,PRYJ,625.0,15:49,15:51,2
12208_05,12208,5,AGC,1054.3,21:33,21:33,0
12209_01,12209,1,SUR,0.0,01:45,01:45,0
12209_02,12209,2,NGP,512.0,13:07,13:09,2
12209_03,12209,3,BPL,804.3,19:37,19:39,2
12209_04,12209,4,JHS,1074.0,01:37,01:37,0
12210_01,12210,1,PUNE,0.0,10:45,10:45,0
12210_02,12210,2,KYN,111.2,13:13,13:15,2
12210_03,12210,3,JP,1006.7,09:07,09:07,0
12211_01,12211,1,CBE,0.0,13:30,13:30,0
12211_02,12211,2,TVC,279.6,20:29,20:31,2
12211_03,12211,3,JP,2332.8,23:49,23:51,2
12211_04,12211,4,COR,2526.3,04:39,04:41,2
12211_05,12211,5,BPL,2790.0,11:15,11:17,2
12211_06,12211,6,JHS,3059.7,17:59,17:59,0
12212_01,12212,1,SDAH,0.0,10:15,10:15,0
12212_02,12212,2,NDLS,1305.4,00:45,00:47,2
12212_03,12212,3,PRYJ,1885.7,07:12,07:14,2
12212_04,12212,4,JHS,2215.6,10:52,10:52,0
12213_01,12213,1,ADI,0.0,22:30,22:30,0
12213_02,12213,2,BCT,451.4,04:31,04:33,2
12213_03,12213,3,NGP,1149.6,13:49,13:51,2
12213_04,12213,4,CSMT,1847.4,23:07,23:09,2
12213_05,12213,5,SC,2468.8,07:25,07:25,0
12214_01,12214,1,KYN,0.0,07:45,07:45,0
12214_02,12214,2,BBS,1333.3,21:50,21:52,2
12214_03,12214,3,BCT,2703.6,12:59,13:01,2
12214_04,12214,4,ADI,3155.0,01:53,01:55,2
12214_05,12214,5,GHY,5122.2,10:05,10:05,0
12215_01,12215,1,TVC,0.0,12:30,12:30,0
12215_02,12215,2,JP,2053.2,15:52,15:54,2
12215_03,12215,3,COR,2246.8,18:27,18:29,2
12215_04,12215,4,BPL,2510.4,21:58,22:00,2
12215_05,12215,5,JHS,2780.1,01:34,01:34,0
12216_01,12216,1,SBC,0.0,05:00,05:00,0
12216_02,12216,2,BPL,1144.5,00:04,00:06,2
12216_03,12216,3,COR,1408.1,04:28,04:30,2
12216_04,12216,4,NDLS,1815.9,11:15,11:17,2
12216_05,12216,5,LDH,2099.3,15:59,15:59,0
12217_01,12217,1,MAS,0.0,16:15,16:15,0
12217_02,12217,2,SC,520.0,00:54,00:56,2
12217_03,12217,3,HYB,526.0,01:00,01:00,0
12218_01,12218,1,MAO,0.0,23:15,23:15,0
12218_02,12218,2,UBL,125.2,01:20,01:22,2
12218_03,12218,3,MYS,501.7,07:36,07:36,0
12219_01,12219,1,PURI,0.0,06:15,06:15,0
12219_02,12219,2,BAM,121.9,08:16,08:18,2
12219_03,12219,3,VSKP,358.5,12:13,12:15,2
12219_04,12219,4,NDLS,1722.1,10:57,10:59,2
12219_05,12219,5,SDAH,3027.5,08:42,08:44,2
12219_06,12219,6,HWH,3030.6,08:45,08:45,0
12220_01,12220,1,ERS,0.0,20:00,20:00,0
12220_02,12220,2,MAS,555.6,11:52,11:54,2
12220_03,12220,3,KGP,1825.7,00:09,00:11,2
12220_04,12220,4,HWH,1934.6,03:16,03:18,2
12220_05,12220,5,BWN,2022.1,05:46,05:46,0
12221_01,12221,1,MFP,0.0,14:45,14:45,0
12221_02,12221,2,PNBE,62.4,16:18,16:20,2
12221_03,12221,3,PRYJ,392.3,00:33,00:35,2
12221_04,12221,4,JHS,722.3,08:48,08:50,2
12221_05,12221,5,BPL,992.0,15:32,15:34,2
12221_06,12221,6,SBC,2136.4,20:09,20:11,2
12221_07,12221,7,MYS,2260.6,23:15,23:15,0
12222_01,12222,1,R,0.0,20:30,20:30,0
12222_02,12222,2,BSP,107.2,21:55,21:57,2
12222_03,12222,3,JBP,363.9,01:21,01:23,2
12222_04,12222,4,COR,833.3,07:36,07:36,0
12223_01,12223,1,BPL,0.0,14:00,14:00,0
12223_02,12223,2,BZA,822.3,03:42,03:44,2
12223_03,12223,3,SC,1069.4,07:49,07:51,2
12223_04,12223,4,HYB,1075.4,07:55,07:55,0
12224_01,12224,1,JU,0.0,08:00,08:00,0
12224_02,12224,2,JP,283.6,15:05,15:07,2
12224_03,12224,3,COR,477.2,19:55,19:57,2
12224_04,12224,4,JBP,946.6,07:39,07:41,2
12224_05,12224,5,ADI,1699.6,02:29,02:31,2
12224_06,12224,6,GHY,3666.9,03:40,03:42,2
12224_07,12224,7,NJP,4000.8,12:01,12:01,0
12225_01,12225,1,ASR,0.0,14:45,14:45,0
12225_02,12225,2,NDLS,401.9,18:58,19:00,2
12225_03,12225,3,VSKP,1765.5,09:20,09:22,2
12225_04,12225,4,MAS,2375.0,15:45,15:45,0
12226_01,12226,1,NGP,0.0,09:00,09:00,0
12226_02,12226,2,SUR,512.0,17:31,17:33,2
12226_03,12226,3,BSL,888.6,23:48,23:48,0
12227_01,12227,1,BZA,0.0,02:45,02:45,0
12227_02,12227,2,BPL,822.3,21:01,21:01,0
12228_01,12228,1,JP,0.0,23:00,23:00,0
12228_02,12228,2,TVC,2053.2,02:22,02:22,0
12229_01,12229,1,NJP,0.0,06:30,06:30,0
12229_02,12229,2,GHY,334.0,10:57,10:59,2
12229_03,12229,3,ADI,2301.2,13:10,13:10,0
12230_01,12230,1,ERS,0.0,01:45,01:45,0
12230_02,12230,2,TVC,180.6,04:09,04:11,2
12230_03,12230,3,JP,2233.8,07:32,07:34,2
12230_04,12230,4,JU,2517.4,11:18,11:18,0
12231_01,12231,1,HWH,0.0,10:00,10:00,0
12231_02,12231,2,MLDT,271.7,16:02,16:04,2
12231_03,12231,3,NJP,460.2,20:13,20:15,2
12231_04,12231,4,GHY,794.1,03:38,03:40,2
12231_05,12231,5,ADI,2761.4,23:21,23:21,0
12232_01,12232,1,MAS,0.0,07:45,07:45,0
12232_02,12232,2,SC,520.0,16:24,16:26,2
12232_03,12232,3,BZA,767.0,20:32,20:32,0
12233_01,12233,1,NJP,0.0,05:30,05:30,0
12233_02,12233,2,MLDT,188.4,08:00,08:02,2
12233_03,12233,3,HWH,460.2,11:38,11:40,2
12233_04,12233,4,KGP,569.1,13:05,13:07,2
12233_05,12233,5,MAS,1839.1,06:01,06:03,2
12233_06,12233,6,MS,1841.0,06:02,06:02,0
12234_01,12234,1,PRYJ,0.0,10:00,10:00,0
12234_02,12234,2,NDLS,580.3,19:40,19:40,0
12235_01,12235,1,BCT,0.0,02:30,02:30,0
12235_02,12235,2,NGP,698.1,19:57,19:59,2
12235_03,12235,3,CSMT,1396.0,13:23,13:25,2
12235_04,12235,4,SC,2017.4,04:56,04:58,2
12235_05,12235,5,HYB,2023.4,05:05,05:05,0
12236_01,12236,1,HWH,0.0,09:30,09:30,0
12236_02,12236,2,KGP,108.9,12:13,12:15,2
12236_03,12236,3,MAS,1379.0,19:58,20:00,2
12236_04,12236,4,MDU,1801.4,06:32,06:32,0
12237_01,12237,1,TATA,0.0,19:15,19:15,0
12237_02,12237,2,ROU,148.9,22:58,23:00,2
12237_03,12237,3,BSP,429.2,05:58,06:00,2
12237_04,12237,4,JBP,685.9,12:23,12:23,0
12238_01,12238,1,LDH,0.0,04:30,04:30,0
12238_02,12238,2,NDLS,283.4,08:16,08:18,2
12238_03,12238,3,DLI,285.5,08:18,08:20,2
12238_04,12238,4,CSMT,1454.8,23:53,23:55,2
12238_05,12238,5,KYN,1501.0,00:30,00:30,0
12239_01,12239,1,DLI,0.0,12:15,12:15,0
12239_02,12239,2,NDLS,2.1,12:18,12:20,2
12239_03,12239,3,VSKP,1365.6,22:23,22:25,2
12239_04,12239,4,BZA,1681.1,06:16,06:16,0
12240_01,12240,1,ERS,0.0,09:45,09:45,0
12240_02,12240,2,MAS,555.6,22:05,22:07,2
12240_03,12240,3,KGP,1825.7,02:19,02:19,0
12241_01,12241,1,BZA,0.0,04:00,04:00,0
12241_02,12241,2,VSKP,315.5,09:15,09:17,2
12241_03,12241,3,BBS,703.9,15:43,15:45,2
12241_04,12241,4,BCT,2074.1,14:34,14:34,0
12242_01,12242,1,BZA,0.0,11:00,11:00,0
12242_02,12242,2,PUNE,749.0,20:59,21:01,2
12242_03,12242,3,PRYJ,1874.9,11:59,12:01,2
12242_04,12242,4,BSP,2250.6,17:00,17:00,0
12243_01,12243,1,PRYJ,0.0,06:30,06:30,0
12243_02,12243,2,NDLS,580.3,16:10,16:12,2
12243_03,12243,3,DLI,582.4,16:12,16:12,0
12244_01,12244,1,MYS,0.0,04:15,04:15,0
12244_02,12244,2,UBL,376.4,10:31,10:33,2
12244_03,12244,3,MAO,501.7,12:36,12:38,2
12244_04,12244,4,KYN,940.3,19:55,19:57,2
12244_05,12244,5,JP,1835.8,10:50,10:52,2
12244_06,12244,6,AII,1960.9,12:55,12:55,0
12245_01,12245,1,SUR,0.0,03:00,03:00,0
12245_02,12245,2,NGP,512.0,17:37,17:39,2
12245_03,12245,3,DLI,1367.6,18:04,18:06,2
12245_04,12245,4,NDLS,1369.7,18:08,18:08,0
12246_01,12246,1,BSP,0.0,19:15,19:15,0
12246_02,12246,2,PRYJ,375.7,03:35,03:37,2
12246_03,12246,3,NDLS,956.0,16:29,16:31,2
12246_04,12246,4,LDH,1239.4,22:47,22:47,0
12247_01,12247,1,ERS,0.0,05:15,05:15,0
12247_02,12247,2,MAS,555.6,14:30,14:32,2
12247_03,12247,3,VSKP,1165.2,00:40,00:42,2
12247_04,12247,4,NDLS,2528.8,23:23,23:25,2
12247_05,12247,5,PRYJ,3109.1,09:04,09:06,2
12247_06,12247,6,AGC,3538.5,16:13,16:13,0
12248_01,12248,1,TATA,0.0,11:15,11:15,0
12248_02,12248,2,KGP,127.8,12:40,12:42,2
12248_03,12248,3,HWH,236.7,13:52,13:54,2
12248_04,12248,4,MLDT,508.4,16:53,16:55,2
12248_05,12248,5,NJP,696.9,18:59,18:59,0
12249_01,12249,1,NJP,0.0,23:45,23:45,0
12249_02,12249,2,MLDT,188.4,02:53,02:55,2
12249_03,12249,3,HWH,460.2,07:25,07:27,2
12249_04,12249,4,KGP,569.1,09:14,09:16,2
12249_05,12249,5,MAS,1839.1,06:24,06:26,2
12249_06,12249,6,SC,2359.1,15:04,15:04,0
12250_01,12250,1,BBS,0.0,15:15,15:15,0
12250_02,12250,2,VSKP,388.4,21:43,21:45,2
12250_03,12250,3,MAS,998.0,07:53,07:55,2
12250_04,12250,4,TPJ,1304.8,12:59,12:59,0
12251_01,12251,1,PRYJ,0.0,14:45,14:45,0
12251_02,12251,2,BSP,375.7,23:05,23:07,2
12251_03,12251,3,R,482.9,01:28,01:28,0
12252_01,12252,1,MYS,0.0,16:45,16:45,0
12252_02,12252,2,SBC,124.2,20:17,20:19,2
12252_03,12252,3,BPL,1268.7,04:59,05:01,2
12252_04,12252,4,COR,1532.3,12:31,12:33,2
12252_05,12252,5,NDLS,1940.1,00:10,00:10,0
12253_01,12253,1,PNBE,0.0,19:15,19:15,0
12253_02,12253,2,GKP,217.7,22:52,22:54,2
12253_03,12253,3,GHY,1052.4,12:47,12:49,2
12253_04,12253,4,ADI,3019.7,21:34,21:36,2
12253_05,12253,5,ST,3224.5,00:59,00:59,0
12254_01,12254,1,BPL,0.0,15:30,15:30,0
12254_02,12254,2,NGP,292.4,18:34,18:36,2
12254_03,12254,3,BCT,990.5,01:55,01:57,2
12254_04,12254,4,BBS,2360.7,16:20,16:22,2
12254_05,12254,5,CTC,2383.2,16:35,16:35,0
12255_01,12255,1,MDU,0.0,16:00,16:00,0
12255_02,12255,2,MAS,422.4,02:33,02:35,2
12255_03,12255,3,KGP,1692.5,10:18,10:20,2
12255_04,12255,4,HWH,1801.4,13:02,13:02,0
12256_01,12256,1,NDLS,0.0,08:45,08:45,0
12256_02,12256,2,DLI,2.1,08:48,08:50,2
12256_03,12256,3,CSMT,1171.4,18:13,18:15,2
12256_04,12256,4,KYN,1217.6,19:32,19:32,0
12257_01,12257,1,MAO,0.0,13:00,13:00,0
12257_02,12257,2,UBL,125.2,15:05,15:07,2
12257_03,12257,3,SBC,498.3,21:18,21:20,2
12257_04,12257,4,SC,1003.9,05:43,05:45,2
12257_05,12257,5,MAS,1523.9,14:23,14:23,0
12258_01,12258,1,BBS,0.0,11:00,11:00,0
12258_02,12258,2,BCT,1370.2,05:16,05:18,2
12258_03,12258,3,ST,1617.8,08:34,08:34,0
12259_01,12259,1,GKP,0.0,11:15,11:15,0
12259_02,12259,2,PNBE,217.7,14:52,14:54,2
12259_03,12259,3,PRYJ,547.6,20:22,20:24,2
12259_04,12259,4,PUNE,1673.5,15:08,15:10,2
12259_05,12259,5,DD,1748.4,16:23,16:25,2
12259_06,12259,6,BSL,2061.7,21:36,21:36,0
12260_01,12260,1,AGC,0.0,00:30,00:30,0
12260_02,12260,2,PRYJ,429.4,07:39,07:41,2
12260_03,12260,3,PUNE,1555.3,02:25,02:27,2
12260_04,12260,4,KYN,1666.5,04:16,04:16,0
12261_01,12261,1,HWH,0.0,10:15,10:15,0
12261_02,12261,2,SDAH,3.1,10:19,10:21,2
12261_03,12261,3,NDLS,1308.5,18:57,18:59,2
12261_04,12261,4,COR,1716.3,05:09,05:11,2
12261_05,12261,5,RTM,1938.4,10:42,10:42,0
12262_01,12262,1,ASN,0.0,15:15,15:15,0
12262_02,12262,2,HWH,187.1,18:22,18:24,2
12262_03,12262,3,SDAH,190.2,18:25,18:27,2
12262_04,12262,4,NDLS,1495.6,16:10,16:12,2
12262_05,12262,5,DLI,1497.7,16:12,16:14,2
12262_06,12262,6,NGP,2353.3,06:28,06:28,0
12263_01,12263,1,UBL,0.0,19:00,19:00,0
12263_02,12263,2,SBC,373.1,23:58,00:00,2
12263_03,12263,3,SC,878.7,06:42,06:44,2
12263_04,12263,4,MAS,1398.6,13:38,13:40,2
12263_05,12263,5,KGP,2668.7,06:34,06:34,0
12264_01,12264,1,MAO,0.0,06:15,06:15,0
12264_02,12264,2,KYN,438.6,11:07,11:07,0
12265_01,12265,1,MDU,0.0,13:00,13:00,0
12265_02,12265,2,MAS,422.4,23:33,23:35,2
12265_03,12265,3,KGP,1692.5,07:18,07:20,2
12265_04,12265,4,TATA,1820.3,10:30,10:30,0
12266_01,12266,1,MYS,0.0,03:00,03:00,0
12266_02,12266,2,SBC,124.2,05:04,05:06,2
12266_03,12266,3,BPL,1268.7,00:08,00:10,2
12266_04,12266,4,COR,1532.3,04:32,04:34,2
12266_05,12266,5,NDLS,1940.1,11:20,11:20,0
12267_01,12267,1,PURI,0.0,19:45,19:45,0
12267_02,12267,2,BBS,51.1,21:01,21:03,2
12267_03,12267,3,BCT,1421.3,07:16,07:18,2
12267_04,12267,4,ADI,1872.7,18:34,18:36,2
12267_05,12267,5,GHY,3840.0,19:44,19:46,2
12267_06,12267,6,GKP,4674.7,16:37,16:37,0
12268_01,12268,1,SUR,0.0,15:00,15:00,0
12268_02,12268,2,NGP,512.0,05:37,05:39,2
12268_03,12268,3,DLI,1367.6,06:04,06:06,2
12268_04,12268,4,NDLS,1369.7,06:08,06:10,2
12268_05,12268,5,SDAH,2675.1,19:25,19:25,0
12269_01,12269,1,HYB,0.0,22:15,22:15,0
12269_02,12269,2,SC,6.0,22:19,22:21,2
12269_03,12269,3,MAS,526.0,05:15,05:15,0
12270_01,12270,1,NDLS,0.0,11:15,11:15,0
12270_02,12270,2,PRYJ,580.3,17:41,17:43,2
12270_03,12270,3,PNBE,910.2,21:21,21:23,2
12270_04,12270,4,GKP,1127.9,23:46,23:48,2
12270_05,12270,5,GHY,1962.6,09:03,09:03,0
12271_01,12271,1,CBE,0.0,21:00,21:00,0
12271_02,12271,2,MAS,428.1,04:08,04:10,2
12271_03,12271,3,KGP,1698.2,01:18,01:20,2
12271_04,12271,4,PNBE,2125.1,08:25,08:27,2
12271_05,12271,5,GKP,2342.8,12:02,12:02,0
12272_01,12272,1,MS,0.0,16:00,16:00,0
12272_02,12272,2,MAS,1.9,16:01,16:03,2
12272_03,12272,3,VSKP,611.5,22:26,22:28,2
12272_04,12272,4,NDLS,1975.0,12:47,12:49,2
12272_05,12272,5,PRYJ,2555.4,18:53,18:53,0
12273_01,12273,1,AGC,0.0,20:45,20:45,0
12273_02,12273,2,JHS,198.4,23:23,23:25,2
12273_03,12273,3,BPL,468.1,02:59,02:59,0
12274_01,12274,1,PRYJ,0.0,11:00,11:00,0
12274_02,12274,2,NDLS,580.3,01:30,01:32,2
12274_03,12274,3,VSKP,1943.9,11:35,11:37,2
12274_04,12274,4,BBS,2332.3,21:18,21:20,2
12274_05,12274,5,CTC,2354.8,21:52,21:52,0
12275_01,12275,1,ASR,0.0,20:00,20:00,0
12275_02,12275,2,NDLS,401.9,06:02,06:04,2
12275_03,12275,3,VSKP,1765.5,16:08,16:10,2
12275_04,12275,4,BAM,2002.1,22:03,22:05,2
12275_05,12275,5,PURI,2124.0,01:06,01:06,0
12276_01,12276,1,MYS,0.0,10:15,10:15,0
12276_02,12276,2,SBC,124.2,13:21,13:23,2
12276_03,12276,3,SC,629.8,01:59,02:01,2
12276_04,12276,4,MAS,1149.7,14:59,15:01,2
12276_05,12276,5,TVC,1776.4,06:39,06:39,0
12277_01,12277,1,NGP,0.0,20:15,20:15,0
12277_02,12277,2,DLI,855.7,07:39,07:41,2
12277_03,12277,3,NDLS,857.8,07:41,07:43,2
12277_04,12277,4,ASR,1259.7,13:02,13:02,0
12278_01,12278,1,RTM,0.0,22:45,22:45,0
12278_02,12278,2,COR,222.1,04:18,04:20,2
12278_03,12278,3,BPL,485.7,10:53,10:55,2
12278_04,12278,4,SBC,1630.2,15:30,15:32,2
12278_05,12278,5,MYS,1754.4,18:36,18:36,0
12279_01,12279,1,HYB,0.0,02:45,02:45,0
12279_02,12279,2,SC,6.0,02:55,02:57,2
12279_03,12279,3,MAS,526.0,17:46,17:48,2
12279_04,12279,4,KGP,1796.1,06:03,06:05,2
12279_05,12279,5,PNBE,2223.0,18:15,18:17,2
12279_06,12279,6,MFP,2285.4,20:02,20:02,0
12280_01,12280,1,NGP,0.0,06:00,06:00,0
12280_02,12280,2,DLI,855.7,20:15,20:17,2
12280_03,12280,3,NDLS,857.8,20:17,20:17,0
12281_01,12281,1,UMB,0.0,17:45,17:45,0
12281_02,12281,2,NDLS,193.7,20:19,20:21,2
12281_03,12281,3,DLI,195.8,20:21,20:21,0
12282_01,12282,1,CTC,0.0,06:30,06:30,0
12282_02,12282,2,BBS,22.5,07:08,07:10,2
12282_03,12282,3,BCT,1392.7,22:17,22:19,2
12282_04,12282,4,NGP,2090.9,18:14,18:14,0
12283_01,12283,1,ASR,0.0,20:30,20:30,0
12283_02,12283,2,NDLS,401.9,07:58,08:00,2
12283_03,12283,3,COR,809.7,19:38,19:40,2
12283_04,12283,4,BPL,1073.4,03:10,03:10,0
12284_01,12284,1,VSKP,0.0,13:45,13:45,0
12284_02,12284,2,NDLS,1363.6,04:42,04:44,2
12284_03,12284,3,SDAH,2668.9,18:00,18:00,0
12285_01,12285,1,SBC,0.0,12:30,12:30,0
12285_02,12285,2,BPL,1144.5,13:55,13:57,2
12285_03,12285,3,JBP,1403.4,19:41,19:43,2
12285_04,12285,4,ADI,2156.5,12:25,12:27,2
12285_05,12285,5,GHY,4123.7,08:08,08:10,2
12285_06,12285,6,NJP,4457.7,15:33,15:33,0
12286_01,12286,1,MFP,0.0,11:30,11:30,0
12286_02,12286,2,PNBE,62.4,13:03,13:05,2
12286_03,12286,3,PRYJ,392.3,21:18,21:20,2
12286_04,12286,4,NDLS,972.6,11:48,11:50,2
12286_05,12286,5,COR,1380.4,22:00,22:02,2
12286_06,12286,6,JP,1574.0,02:50,02:52,2
12286_07,12286,7,AII,1699.2,05:58,05:58,0
12287_01,12287,1,ADI,0.0,02:45,02:45,0
12287_02,12287,2,BCT,451.4,14:02,14:04,2
12287_03,12287,3,BBS,1821.7,00:17,00:19,2
12287_04,12287,4,KYN,3155.0,09:37,09:37,0
12288_01,12288,1,ERS,0.0,09:30,09:30,0
12288_02,12288,2,TVC,180.6,12:30,12:32,2
12288_03,12288,3,JP,2233.8,22:43,22:45,2
12288_04,12288,4,COR,2427.3,01:57,01:59,2
12288_05,12288,5,RTM,2649.4,05:39,05:41,2
12288_06,12288,6,ST,2977.9,11:07,11:07,0
12289_01,12289,1,HWH,0.0,09:30,09:30,0
12289_02,12289,2,SDAH,3.1,09:33,09:35,2
12289_03,12289,3,NDLS,1308.5,07:18,07:20,2
12289_04,12289,4,DLI,1310.6,07:20,07:22,2
12289_05,12289,5,CSMT,2479.9,02:49,02:51,2
12289_06,12289,6,KYN,2526.1,03:36,03:36,0
12290_01,12290,1,NJP,0.0,05:45,05:45,0
12290_02,12290,2,MLDT,188.4,10:27,10:29,2
12290_03,12290,3,HWH,460.2,17:15,17:17,2
12290_04,12290,4,KGP,569.1,19:58,20:00,2
12290_05,12290,5,MAS,1839.1,03:43,03:45,2
12290_06,12290,6,ERS,2394.8,17:37,17:37,0
12291_01,12291,1,ASR,0.0,11:45,11:45,0
12291_02,12291,2,NDLS,401.9,16:12,16:14,2
12291_03,12291,3,SDAH,1707.3,06:43,06:45,2
12291_04,12291,4,MLDT,1981.2,09:45,09:47,2
12291_05,12291,5,NJP,2169.6,11:51,11:51,0
12292_01,12292,1,VSKP,0.0,01:00,01:00,0
12292_02,12292,2,BZA,315.5,08:00,08:02,2
12292_03,12292,3,SC,562.5,13:30,13:32,2
12292_04,12292,4,HYB,568.5,13:38,13:38,0
12293_01,12293,1,BSP,0.0,16:15,16:15,0
12293_02,12293,2,NGP,331.8,20:40,20:42,2
12293_03,12293,3,CSMT,1029.7,05:58,06:00,2
12293_04,12293,4,SC,1651.1,14:15,14:17,2
12293_05,12293,5,HYB,1657.1,14:20,14:20,0
12294_01,12294,1,PUNE,0.0,21:45,21:45,0
12294_02,12294,2,PRYJ,1125.9,05:55,05:57,2
12294_03,12294,3,PNBE,1455.8,15:20,15:22,2
12294_04,12294,4,DHN,1696.1,22:12,22:14,2
12294_05,12294,5,ASN,1750.9,23:46,23:48,2
12294_06,12294,6,BWN,1855.8,02:46,02:46,0
12295_01,12295,1,NGP,0.0,20:30,20:30,0
12295_02,12295,2,BSP,331.8,23:59,00:01,2
12295_03,12295,3,ROU,612.0,02:56,02:58,2
12295_04,12295,4,KGP,866.3,05:37,05:39,2
12295_05,12295,5,HWH,975.2,06:45,06:47,2
12295_06,12295,6,ASN,1162.2,08:44,08:44,0
12296_01,12296,1,PRYJ,0.0,01:15,01:15,0
12296_02,12296,2,AGC,429.4,10:47,10:47,0
12297_01,12297,1,R,0.0,11:45,11:45,0
12297_02,12297,2,BSP,107.2,14:07,14:09,2
12297_03,12297,3,JBP,363.9,19:50,19:52,2
12297_04,12297,4,ADI,1117.0,12:34,12:36,2
12297_05,12297,5,GHY,3084.3,08:17,08:19,2
12297_06,12297,6,NJP,3418.2,15:42,15:42,0
12298_01,12298,1,UBL,0.0,16:30,16:30,0
12298_02,12298,2,SBC,373.1,21:28,21:30,2
12298_03,12298,3,SC,878.7,04:12,04:14,2
12298_04,12298,4,CSMT,1500.1,12:30,12:32,2
12298_05,12298,5,SUR,1854.1,17:13,17:13,0
12299_01,12299,1,JHS,0.0,07:00,07:00,0
12299_02,12299,2,PRYJ,329.9,15:14,15:16,2
12299_03,12299,3,NDLS,910.3,05:45,05:47,2
12299_04,12299,4,UMB,1104.0,10:35,10:35,0
12300_01,12300,1,PUNE,0.0,16:45,16:45,0
12300_02,12300,2,CSMT,118.6,18:43,18:45,2
12300_03,12300,3,SC,740.0,05:04,05:06,2
12300_04,12300,4,SBC,1245.6,13:30,13:30,0
12301_01,12301,1,MDU,0.0,08:45,08:45,0
12301_02,12301,2,MAS,422.4,15:47,15:49,2
12301_03,12301,3,VSKP,1032.0,01:56,01:58,2
12301_04,12301,4,NDLS,2395.5,00:40,00:42,2
12301_05,12301,5,SDAH,3700.9,22:25,22:25,0
12302_01,12302,1,DHN,0.0,15:15,15:15,0
12302_02,12302,2,PNBE,240.3,19:15,19:17,2
12302_03,12302,3,KGP,667.2,02:22,02:24,2
12302_04,12302,4,MAS,1937.3,23:32,23:34,2
12302_05,12302,5,SC,2457.2,08:12,08:12,0
12303_01,12303,1,SDAH,0.0,14:15,14:15,0
12303_02,12303,2,HWH,3.1,14:19,14:21,2
12303_03,12303,3,ASN,190.2,18:28,18:28,0
12304_01,12304,1,MAO,0.0,02:30,02:30,0
12304_02,12304,2,UBL,125.2,04:10,04:12,2
12304_03,12304,3,SBC,498.3,09:08,09:10,2
12304_04,12304,4,SC,1003.9,15:53,15:55,2
12304_05,12304,5,MAS,1523.9,22:49,22:51,2
12304_06,12304,6,KGP,2794.0,15:45,15:45,0
12305_01,12305,1,BSP,0.0,17:30,17:30,0
12305_02,12305,2,PRYJ,375.7,02:53,02:55,2
12305_03,12305,3,NDLS,956.0,17:24,17:26,2
12305_04,12305,4,ASR,1357.9,03:26,03:26,0
12306_01,12306,1,MAO,0.0,22:15,22:15,0
12306_02,12306,2,KYN,438.6,07:59,08:01,2
12306_03,12306,3,CSMT,484.8,09:01,09:03,2
12306_04,12306,4,DLI,1654.1,11:00,11:00,0
12307_01,12307,1,BCT,0.0,03:15,03:15,0
12307_02,12307,2,NGP,698.1,12:33,12:35,2
12307_03,12307,3,BSP,1030.0,16:58,17:00,2
12307_04,12307,4,PRYJ,1405.7,21:59,21:59,0
12308_01,12308,1,BCT,0.0,15:00,15:00,0
12308_02,12308,2,ADI,451.4,22:31,22:33,2
12308_03,12308,3,GHY,2418.7,07:18,07:20,2
12308_04,12308,4,NJP,2752.6,12:52,12:54,2
12308_05,12308,5,MLDT,2941.0,16:01,16:03,2
12308_06,12308,6,ASN,3133.3,19:13,19:13,0
12309_01,12309,1,PRYJ,0.0,14:15,14:15,0
12309_02,12309,2,PNBE,329.9,18:38,18:40,2
12309_03,12309,3,KGP,756.8,00:20,00:22,2
12309_04,12309,4,MAS,2026.9,17:16,17:18,2
12309_05,12309,5,MDU,2449.3,22:54,22:54,0
12310_01,12310,1,SC,0.0,09:45,09:45,0
12310_02,12310,2,BZA,247.0,12:21,12:23,2
12310_03,12310,3,BPL,1069.4,21:00,21:02,2
12310_04,12310,4,COR,1333.0,23:46,23:46,0
12311_01,12311,1,KGP,0.0,13:45,13:45,0
12311_02,12311,2,TATA,127.8,15:27,15:27,0
12312_01,12312,1,ST,0.0,10:00,10:00,0
12312_02,12312,2,BCT,247.6,12:36,12:38,2
12312_03,12312,3,BBS,1617.8,03:01,03:03,2
12312_04,12312,4,VSKP,2006.3,07:07,07:09,2
12312_05,12312,5,MAS,2615.8,13:32,13:34,2
12312_06,12312,6,CBE,3043.9,18:02,18:02,0
12313_01,12313,1,NJP,0.0,11:15,11:15,0
12313_02,12313,2,GHY,334.0,19:35,19:37,2
12313_03,12313,3,ADI,2301.2,20:46,20:48,2
12313_04,12313,4,RTM,2555.5,03:08,03:10,2
12313_05,12313,5,COR,2777.6,08:41,08:43,2
12313_06,12313,6,JP,2971.1,13:31,13:31,0
12314_01,12314,1,COR,0.0,20:15,20:15,0
12314_02,12314,2,RTM,222.1,02:35,02:35,0
12315_01,12315,1,MYS,0.0,01:00,01:00,0
12315_02,12315,2,SBC,124.2,02:39,02:41,2
12315_03,12315,3,SC,629.8,09:23,09:25,2
12315_04,12315,4,MAS,1149.7,16:19,16:21,2
12315_05,12315,5,KGP,2419.8,09:15,09:17,2
12315_06,12315,6,HWH,2528.7,10:42,10:44,2
12315_07,12315,7,ASN,2715.8,13:12,13:12,0
12316_01,12316,1,MS,0.0,05:30,05:30,0
12316_02,12316,2,MAS,1.9,05:31,05:33,2
12316_03,12316,3,KGP,1272.0,02:41,02:43,2
12316_04,12316,4,HWH,1380.9,04:30,04:32,2
12316_05,12316,5,BWN,1468.3,05:58,05:58,0
12317_01,12317,1,KGP,0.0,16:30,16:30,0
12317_02,12317,2,MAS,1270.1,13:40,13:42,2
12317_03,12317,3,VSKP,1879.7,23:49,23:51,2
12317_04,12317,4,BBS,2268.1,06:18,06:18,0
12318_01,12318,1,JBP,0.0,20:30,20:30,0
12318_02,12318,2,COR,469.4,04:19,04:21,2
12318_03,12318,3,JP,662.9,07:32,07:34,2
12318_04,12318,4,KYN,1558.5,22:28,22:28,0
12319_01,12319,1,ASN,0.0,17:00,17:00,0
12319_02,12319,2,HWH,187.1,20:07,20:09,2
12319_03,12319,3,KGP,295.9,21:55,21:57,2
12319_04,12319,4,MAS,1566.0,19:06,19:08,2
12319_05,12319,5,SC,2086.0,03:45,03:47,2
12319_06,12319,6,HYB,2092.0,03:52,03:52,0
