track_id,source_station,dest_station,distance_km,track_type,max_speed_kmph,capacity_trains_per_hour,zone_crossing
TRK0001,CSMT,KYN,46.2,Double Electrified,130,12,False
TRK0002,KYN,PUNE,111.2,Single Electrified,110,11,False
TRK0003,PUNE,DD,74.9,Double Electrified,130,17,False
TRK0004,DD,BSL,313.4,Double Non-Electrified,100,13,False
TRK0005,BSL,SUR,376.6,Double Electrified,130,20,False
TRK0006,SUR,NGP,512.0,Double Electrified,130,16,False
TRK0007,CSMT,PUNE,118.6,Double Electrified,130,23,False
TRK0008,CSMT,NGP,697.9,Single Electrified,110,5,False
TRK0009,CSMT,BSL,387.0,Double Electrified,130,21,False
TRK0010,CSMT,SUR,354.0,Double Electrified,130,23,False
TRK0011,CSMT,DD,191.3,Double Electrified,130,13,False
TRK0012,ASN,BWN,104.9,Double Electrified,130,17,False
TRK0013,BWN,MLDT,201.0,Double Electrified,130,12,False
TRK0014,MLDT,HWH,271.7,Double Electrified,130,13,False
TRK0015,HWH,SDAH,3.1,Double Non-Electrified,100,11,False
TRK0016,HWH,ASN,187.1,Double Electrified,130,23,False
TRK0017,HWH,BWN,87.5,Double Non-Electrified,100,11,False
TRK0018,GAYA,DNR,93.2,Double Electrified,130,18,False
TRK0019,DNR,PNBE,9.6,Double Non-Electrified,100,11,False
TRK0020,PNBE,MFP,62.4,Single Non-Electrified,80,7,False
TRK0021,MFP,DHN,279.2,Double Electrified,130,17,False
TRK0022,PNBE,GAYA,91.5,Double Electrified,130,23,False
TRK0023,PNBE,DHN,240.3,Double Electrified,130,10,False
TRK0024,VSKP,BAM,236.7,Double Electrified,130,10,False
TRK0025,BAM,PURI,121.9,Single Non-Electrified,80,8,False
TRK0026,PURI,BBS,51.1,Single Non-Electrified,80,11,False
TRK0027,BBS,CTC,22.5,Double Electrified,130,21,False
TRK0028,BBS,VSKP,388.4,Single Non-Electrified,80,12,False
TRK0029,BBS,BAM,152.0,Single Electrified,110,11,False
TRK0030,SVDK,ASR,158.5,Double Electrified,130,14,False
TRK0031,ASR,LDH,124.1,Double Electrified,130,10,False
TRK0032,LDH,UMB,110.1,Single Electrified,110,12,False
TRK0033,UMB,NDLS,193.7,Double Electrified,130,15,False
TRK0034,NDLS,DLI,3.0,Double Electrified,130,19,False
TRK0035,NDLS,LDH,283.4,Double Electrified,130,24,False
TRK0036,NDLS,ASR,401.9,Double Non-Electrified,100,12,False
TRK0037,NDLS,SVDK,551.1,Double Electrified,130,18,False
TRK0038,AGC,JHS,198.4,Double Electrified,130,12,False
TRK0039,JHS,PRYJ,329.9,Double Electrified,130,11,False
TRK0040,PRYJ,AGC,429.4,Single Electrified,110,7,False
TRK0041,GD,BST,86.6,Double Electrified,130,24,False
TRK0042,BST,GKP,60.7,Single Electrified,110,4,False
TRK0043,GKP,GD,145.4,Single Electrified,110,10,False
TRK0044,NJP,GHY,334.0,Single Electrified,110,12,False
TRK0045,GHY,DBRG,346.2,Double Electrified,130,14,False
TRK0046,JU,BKN,194.2,Double Electrified,130,21,False
TRK0047,BKN,AII,217.3,Double Electrified,130,14,False
TRK0048,AII,JP,125.2,Double Electrified,130,20,False
TRK0049,JP,JU,283.6,Single Electrified,110,11,False
TRK0050,JP,BKN,272.9,Double Electrified,130,22,False
TRK0051,ERS,TVC,180.6,Single Non-Electrified,80,4,False
TRK0052,TVC,CBE,279.6,Double Electrified,130,19,False
TRK0053,CBE,MDU,174.2,Single Non-Electrified,80,5,False
TRK0054,MDU,TPJ,115.7,Single Electrified,110,12,False
TRK0055,TPJ,MS,305.0,Double Electrified,130,24,False
TRK0056,MS,MAS,3.0,Double Electrified,130,11,False
TRK0057,MAS,TPJ,306.8,Double Non-Electrified,100,15,False
TRK0058,MAS,MDU,422.4,Double Electrified,130,17,False
TRK0059,MAS,CBE,428.1,Double Non-Electrified,100,21,False
TRK0060,MAS,TVC,626.7,Double Electrified,130,22,False
TRK0061,MAS,ERS,555.6,Single Electrified,110,4,False
TRK0062,HYB,SC,6.0,Single Electrified,110,12,False
TRK0063,SC,NLDA,91.5,Double Electrified,130,20,False
TRK0064,NLDA,GNT,150.0,Double Electrified,130,24,False
TRK0065,GNT,BZA,30.3,Double Electrified,130,11,False
TRK0066,SC,BZA,247.0,Double Non-Electrified,100,21,False
TRK0067,SC,GNT,241.1,Single Electrified,110,8,False
TRK0068,DURG,R,36.5,Double Electrified,130,13,False
TRK0069,R,BSP,107.2,Single Electrified,110,7,False
TRK0070,BSP,DURG,132.6,Single Electrified,110,8,False
TRK0071,ROU,TATA,148.9,Single Electrified,110,8,False
TRK0072,TATA,KGP,127.8,Single Non-Electrified,80,4,False
TRK0073,KGP,ROU,254.2,Double Electrified,130,16,False
TRK0074,UBL,MYS,376.4,Double Non-Electrified,100,10,False
TRK0075,MYS,SBC,124.2,Double Electrified,130,22,False
TRK0076,SBC,UBL,373.1,Double Electrified,130,14,False
TRK0077,BVP,ADI,146.4,Double Electrified,130,17,False
TRK0078,ADI,BCT,451.4,Single Electrified,110,10,False
TRK0079,BCT,ST,247.6,Single Electrified,110,5,False
TRK0080,ST,RTM,328.5,Double Electrified,130,24,False
TRK0081,BCT,RTM,536.7,Single Electrified,110,6,False
TRK0082,BCT,BVP,318.5,Single Electrified,110,9,False
TRK0083,COR,BPL,263.7,Single Electrified,110,6,False
TRK0084,BPL,JBP,258.9,Double Electrified,130,10,False
TRK0085,JBP,COR,469.4,Double Electrified,130,24,False
TRK0086,RN,CDL,115.9,Single Non-Electrified,80,4,False
TRK0087,CDL,MAO,76.2,Double Non-Electrified,100,13,False
TRK0088,NGP,BSP,331.8,Single Electrified,110,5,True
TRK0089,NGP,R,264.1,Double Electrified,130,18,True
TRK0090,BZA,VSKP,315.5,Double Non-Electrified,100,16,True
TRK0091,SC,SBC,505.6,Single Non-Electrified,80,6,True
TRK0092,UBL,MAO,125.2,Single Non-Electrified,80,7,True
TRK0093,KYN,MAO,438.6,Double Non-Electrified,100,22,True
TRK0094,PRYJ,PNBE,329.9,Double Non-Electrified,100,24,True
TRK0095,GAYA,DHN,182.7,Double Electrified,130,12,False
TRK0096,DHN,ASN,54.8,Single Electrified,110,9,True
TRK0097,ROU,BSP,280.2,Double Non-Electrified,100,16,True
TRK0098,NDLS,PRYJ,580.3,Double Non-Electrified,100,23,True
TRK0099,JHS,BPL,269.7,Single Electrified,110,7,True
TRK0100,BPL,NGP,292.4,Double Electrified,130,22,True
TRK0101,JBP,BSP,256.7,Single Electrified,110,10,True
TRK0102,RTM,COR,222.1,Double Non-Electrified,100,23,True
TRK0103,COR,NDLS,407.8,Double Electrified,130,13,True
TRK0104,ADI,RTM,254.3,Double Non-Electrified,100,17,False
TRK0105,ST,ADI,204.9,Double Electrified,130,23,False
TRK0106,UMB,ASR,233.7,Double Non-Electrified,100,13,False
TRK0107,JP,COR,193.5,Double Electrified,130,20,True
TRK0108,AII,JU,162.0,Double Electrified,130,15,False
TRK0109,GKP,MFP,213.0,Double Electrified,130,11,True
TRK0110,NJP,MLDT,188.4,Single Non-Electrified,80,8,True
TRK0111,MLDT,ASN,192.3,Double Electrified,130,18,False
TRK0112,MAS,SC,520.0,Double Electrified,130,23,True
TRK0113,MDU,TVC,204.9,Single Electrified,110,4,False
TRK0114,CBE,ERS,136.5,Double Electrified,130,14,False
TRK0115,TPJ,CBE,189.4,Double Electrified,130,14,False
TRK0116,HWH,KGP,108.9,Double Electrified,130,19,True
TRK0117,SDAH,MLDT,273.9,Double Electrified,130,21,False
TRK0118,SDAH,NDLS,1305.4,Double Non-Electrified,100,16,True
TRK0119,NDLS,VSKP,1363.6,Single Electrified,110,12,True
TRK0120,VSKP,MAS,609.6,Double Electrified,130,24,True
TRK0121,MAS,KGP,1270.1,Single Electrified,110,8,True
TRK0122,KGP,PNBE,426.9,Double Electrified,130,16,True
TRK0123,PNBE,GKP,217.7,Double Electrified,130,24,True
TRK0124,GKP,GHY,834.7,Double Non-Electrified,100,20,True
TRK0125,GHY,ADI,1967.2,Single Electrified,110,7,True
TRK0126,ADI,JBP,753.1,Double Electrified,130,11,True
TRK0127,BSP,PRYJ,375.7,Single Non-Electrified,80,9,True
TRK0128,PRYJ,PUNE,1125.9,Single Electrified,110,5,True
TRK0129,PUNE,BZA,749.0,Single Electrified,110,8,True
TRK0130,BZA,BPL,822.3,Single Electrified,110,10,True
TRK0131,BPL,SBC,1144.5,Double Electrified,130,21,True
TRK0132,SC,CSMT,621.4,Double Electrified,130,12,True
TRK0133,CSMT,DLI,1169.3,Double Electrified,130,20,True
TRK0134,DLI,NGP,855.7,Single Non-Electrified,80,6,True
TRK0135,NGP,BCT,698.1,Single Electrified,110,8,True
TRK0136,BCT,BBS,1370.2,Double Electrified,130,23,True
TRK0137,BBS,KYN,1333.3,Double Electrified,130,14,True
TRK0138,KYN,JP,895.5,Double Electrified,130,22,True
TRK0139,JP,TVC,2053.2,Single Electrified,110,9,True
