train_number,train_name,train_type,origin_station,destination_station,zone_id,priority,total_stops,avg_speed_kmph
12000,Jaipur Junction - New Jalpaiguri Superfast,Superfast,JP,NJP,NWR,2,6,75
12001,Mumbai Central - Madgaon Junction MEMU,MEMU,BCT,MAO,WR,4,4,45
12002,Bilaspur Junction - Kalyan Junction Express,Express,BSP,KYN,SECR,3,4,60
12003,Kalyan Junction - Surat MEMU,MEMU,KYN,ST,CR,4,4,45
12004,Bhubaneswar - Ahmedabad Junction Express,Express,BBS,ADI,ECoR,3,3,60
12005,Puri - Jodhpur Junction Passenger,Passenger,PURI,JU,ECoR,5,5,40
12006,Gorakhpur Junction - Kota Junction Passenger,Passenger,GKP,COR,NER,5,5,40
12007,Ajmer Junction - Jhansi Junction Express,Express,AII,JHS,NWR,3,5,60
12008,Madgaon Junction - Hubballi Junction MEMU,MEMU,MAO,UBL,KR,4,2,45
12009,Bhubaneswar - Muzaffarpur Junction Freight,Freight,BBS,MFP,ECoR,6,6,35
12010,Bhusaval Junction - Madurai Junction Express,Express,BSL,MDU,CR,3,5,60
12011,Asansol Junction - Ahmedabad Junction Superfast,Superfast,ASN,ADI,ER,2,5,75
12012,Hubballi Junction - Madgaon Junction Superfast,Superfast,UBL,MAO,SWR,2,2,75
12013,Ratlam Junction - Madurai Junction Superfast,Superfast,RTM,MDU,WR,2,5,75
12014,New Jalpaiguri - Cuttack Junction Freight,Freight,NJP,CTC,NFR,6,6,35
12015,Mysuru Junction - Chennai Egmore Superfast,Superfast,MYS,MS,SWR,2,5,75
12016,New Jalpaiguri - Solapur Junction Passenger,Passenger,NJP,SUR,NFR,5,6,40
12017,Ludhiana Junction - Ambala Cantt Junction MEMU,MEMU,LDH,UMB,NR,4,2,45
12018,Barddhaman Junction - Bhubaneswar Express,Express,BWN,BBS,ER,3,6,60
12019,Solapur Junction - Gorakhpur Junction Superfast,Superfast,SUR,GKP,CR,2,6,75
12020,Gorakhpur Junction - Bhusaval Junction Express,Express,GKP,BSL,NER,3,6,60
12021,Madgaon Junction - Mysuru Junction Superfast,Superfast,MAO,MYS,KR,2,3,75
12022,Jabalpur Junction - Kota Junction Freight,Freight,JBP,COR,WCR,6,2,35
12023,Chhatrapati Shivaji Maharaj Terminus - Amritsar Junction Express,Express,CSMT,ASR,CR,3,4,60
12024,Tiruchchirapalli Junction - KSR Bengaluru City Junction Passenger,Passenger,TPJ,SBC,SR,5,4,40
12025,Ajmer Junction - Bhubaneswar Express,Express,AII,BBS,NWR,3,4,60
12026,Agra Cantt - Ludhiana Junction Passenger,Passenger,AGC,LDH,NCR,5,4,40
12027,Ratlam Junction - Jaipur Junction MEMU,MEMU,RTM,JP,WR,4,3,45
12028,Jhansi Junction - Thiruvananthapuram Central Superfast,Superfast,JHS,TVC,NCR,2,5,75
12029,Vijayawada Junction - Guwahati Express,Express,BZA,GHY,SCR,3,5,60
12030,Bhusaval Junction - Cuttack Junction Express,Express,BSL,CTC,CR,3,5,60
12031,Ambala Cantt Junction - Ludhiana Junction Freight,Freight,UMB,LDH,NR,6,2,35
12032,Hubballi Junction - Ratlam Junction Superfast,Superfast,UBL,RTM,SWR,2,5,75
12033,Pune Junction - KSR Bengaluru City Junction Superfast,Superfast,PUNE,SBC,CR,2,4,75
12034,Vijayawada Junction - Solapur Junction Freight,Freight,BZA,SUR,SCR,6,4,35
12035,Hubballi Junction - Pune Junction MEMU,MEMU,UBL,PUNE,SWR,4,4,45
12036,Secunderabad Junction - Barddhaman Junction Express,Express,SC,BWN,SCR,3,5,60
12037,Coimbatore Junction - Dhanbad Junction Superfast,Superfast,CBE,DHN,SR,2,5,75
12038,Patna Junction - Ernakulam Junction Passenger,Passenger,PNBE,ERS,ECR,5,4,40
12039,Mysuru Junction - Surat Express,Express,MYS,ST,SWR,3,6,60
12040,Thiruvananthapuram Central - Pune Junction MEMU,MEMU,TVC,PUNE,SR,4,4,45
12041,Jhansi Junction - Kharagpur Junction Express,Express,JHS,KGP,NCR,3,4,60
12042,Howrah Junction - Durg Junction Freight,Freight,HWH,DURG,ER,6,5,35
12043,Mumbai Central - Coimbatore Junction Freight,Freight,BCT,CBE,WR,6,5,35
12044,Bilaspur Junction - Prayagraj Junction Shatabdi,Shatabdi,BSP,PRYJ,SECR,1,2,95
12045,Chhatrapati Shivaji Maharaj Terminus - Jabalpur Junction Superfast,Superfast,CSMT,JBP,CR,2,4,75
12046,Guwahati - Prayagraj Junction Passenger,Passenger,GHY,PRYJ,NFR,5,4,40
12047,Guwahati - Muzaffarpur Junction Passenger,Passenger,GHY,MFP,NFR,5,3,40
12048,Secunderabad Junction - Ahmedabad Junction MEMU,MEMU,SC,ADI,SCR,4,5,45
12049,Guwahati - Surat Passenger,Passenger,GHY,ST,NFR,5,3,40
12050,Jabalpur Junction - Puri Freight,Freight,JBP,PURI,WCR,6,5,35
12051,Kota Junction - New Jalpaiguri Express,Express,COR,NJP,WCR,3,5,60
12052,Ludhiana Junction - Pune Junction Superfast,Superfast,LDH,PUNE,NR,2,4,75
12053,Ajmer Junction - Dhanbad Junction Express,Express,AII,DHN,NWR,3,7,60
12054,Visakhapatnam - Kota Junction Superfast,Superfast,VSKP,COR,ECoR,2,3,75
12055,Chennai Egmore - Gaya Junction Shatabdi,Shatabdi,MS,GAYA,SR,1,5,95
12056,Ajmer Junction - Madurai Junction Freight,Freight,AII,MDU,NWR,6,4,35
12057,Vijayawada Junction - Kharagpur Junction Superfast,Superfast,BZA,KGP,SCR,2,4,75
12058,New Delhi - Bhubaneswar Superfast,Superfast,NDLS,BBS,NR,2,3,75
12059,Bilaspur Junction - Thiruvananthapuram Central Express,Express,BSP,TVC,SECR,3,5,60
12060,Guwahati - KSR Bengaluru City Junction Superfast,Superfast,GHY,SBC,NFR,2,5,75
12061,Visakhapatnam - Delhi Junction (Old Delhi) Express,Express,VSKP,DLI,ECoR,3,3,60
12062,Ambala Cantt Junction - Sealdah Passenger,Passenger,UMB,SDAH,NR,5,3,40
12063,Gaya Junction - Dhanbad Junction Passenger,Passenger,GAYA,DHN,ECR,5,2,40
12064,Howrah Junction - Ratlam Junction Express,Express,HWH,RTM,ER,3,5,60
12065,Muzaffarpur Junction - Delhi Junction (Old Delhi) Rajdhani,Rajdhani,MFP,DLI,ECR,1,5,90
12066,Visakhapatnam - Nagpur Junction MEMU,MEMU,VSKP,NGP,ECoR,4,4,45
12067,Durg Junction - Asansol Junction Passenger,Passenger,DURG,ASN,SECR,5,6,40
12068,Bhopal Junction - Chhatrapati Shivaji Maharaj Terminus Superfast,Superfast,BPL,CSMT,WCR,2,3,75
12069,New Jalpaiguri - Ludhiana Junction Express,Express,NJP,LDH,NFR,3,5,60
12070,Bhopal Junction - Jodhpur Junction Express,Express,BPL,JU,WCR,3,4,60
12071,Ajmer Junction - Solapur Junction Superfast,Superfast,AII,SUR,NWR,2,5,75
12072,Barddhaman Junction - Ahmedabad Junction Superfast,Superfast,BWN,ADI,ER,2,5,75
12073,Puri - Sealdah Superfast,Superfast,PURI,SDAH,ECoR,2,5,75
12074,Mysuru Junction - Chennai Egmore Express,Express,MYS,MS,SWR,3,5,60
12075,Bhopal Junction - Thiruvananthapuram Central MEMU,MEMU,BPL,TVC,WCR,4,4,45
12076,Secunderabad Junction - KSR Bengaluru City Junction Shatabdi,Shatabdi,SC,SBC,SCR,1,2,95
12077,Cuttack Junction - Bilaspur Junction Shatabdi,Shatabdi,CTC,BSP,ECoR,1,5,95
12078,Madurai Junction - Solapur Junction Express,Express,MDU,SUR,SR,3,5,60
12079,Durg Junction - Ernakulam Junction Superfast,Superfast,DURG,ERS,SECR,2,6,75
12080,New Delhi - Kharagpur Junction Express,Express,NDLS,KGP,NR,3,4,60
12081,Raipur Junction - Bhubaneswar MEMU,MEMU,R,BBS,SECR,4,4,45
12082,Guwahati - Sealdah Superfast,Superfast,GHY,SDAH,NFR,2,4,75
12083,Visakhapatnam - Surat Express,Express,VSKP,ST,ECoR,3,4,60
12084,Mumbai Central - Delhi Junction (Old Delhi) Superfast,Superfast,BCT,DLI,WR,2,3,75
12085,New Jalpaiguri - Sealdah Superfast,Superfast,NJP,SDAH,NFR,2,3,75
12086,Visakhapatnam - Chennai Central Superfast,Superfast,VSKP,MAS,ECoR,2,2,75
12087,Ernakulam Junction - Nagpur Junction MEMU,MEMU,ERS,NGP,SR,4,5,45
12088,Ernakulam Junction - Cuttack Junction Rajdhani,Rajdhani,ERS,CTC,SR,1,5,90
12089,Hubballi Junction - Raipur Junction Freight,Freight,UBL,R,SWR,6,5,35
12090,Hubballi Junction - Muzaffarpur Junction Superfast,Superfast,UBL,MFP,SWR,2,7,75
12091,Visakhapatnam - Muzaffarpur Junction MEMU,MEMU,VSKP,MFP,ECoR,4,5,45
12092,Kalyan Junction - Jodhpur Junction Express,Express,KYN,JU,CR,3,3,60
12093,Bilaspur Junction - Howrah Junction MEMU,MEMU,BSP,HWH,SECR,4,4,45
12094,Durg Junction - Ajmer Junction Express,Express,DURG,AII,SECR,3,6,60
12095,Jaipur Junction - Kalyan Junction Express,Express,JP,KYN,NWR,3,2,60
12096,Mysuru Junction - Jhansi Junction MEMU,MEMU,MYS,JHS,SWR,4,4,45
12097,Gorakhpur Junction - Bhusaval Junction Express,Express,GKP,BSL,NER,3,6,60
12098,Hyderabad Deccan - New Jalpaiguri Freight,Freight,HYB,NJP,SCR,6,7,35
12099,Madurai Junction - Asansol Junction MEMU,MEMU,MDU,ASN,SR,4,5,45
12100,Sealdah - Pune Junction MEMU,MEMU,SDAH,PUNE,ER,4,4,45
12101,Kharagpur Junction - Patna Junction Express,Express,KGP,PNBE,SER,3,2,60
12102,Kalyan Junction - Bhubaneswar MEMU,MEMU,KYN,BBS,CR,4,2,45
12103,Sealdah - Vijayawada Junction Freight,Freight,SDAH,BZA,ER,6,4,35
12104,Chennai Central - Kharagpur Junction Express,Express,MAS,KGP,SR,3,2,60
12105,Puri - Jaipur Junction Superfast,Superfast,PURI,JP,ECoR,2,4,75
12106,Ernakulam Junction - Chennai Central Passenger,Passenger,ERS,MAS,SR,5,2,40
12107,Visakhapatnam - Mysuru Junction Freight,Freight,VSKP,MYS,ECoR,6,5,35
12108,Mumbai Central - Chennai Central Express,Express,BCT,MAS,WR,3,4,60
12109,Tatanagar Junction - Delhi Junction (Old Delhi) Freight,Freight,TATA,DLI,SER,6,5,35
12110,Bhopal Junction - Barddhaman Junction Superfast,Superfast,BPL,BWN,WCR,2,6,75
12111,Ludhiana Junction - Madurai Junction Freight,Freight,LDH,MDU,NR,6,5,35
12112,Ambala Cantt Junction - Bhopal Junction Express,Express,UMB,BPL,NR,3,4,60
12113,Coimbatore Junction - Agra Cantt Express,Express,CBE,AGC,SR,3,6,60
12114,Ambala Cantt Junction - KSR Bengaluru City Junction Superfast,Superfast,UMB,SBC,NR,2,5,75
12115,Bilaspur Junction - Mumbai Central Freight,Freight,BSP,BCT,SECR,6,3,35
12116,Nagpur Junction - Asansol Junction Superfast,Superfast,NGP,ASN,CR,2,6,75
12117,Bhopal Junction - Howrah Junction MEMU,MEMU,BPL,HWH,WCR,4,5,45
12118,Chennai Egmore - Jaipur Junction Rajdhani,Rajdhani,MS,JP,SR,1,4,90
12119,Bhopal Junction - Vijayawada Junction MEMU,MEMU,BPL,BZA,WCR,4,2,45
12120,Mumbai Central - Cuttack Junction Express,Express,BCT,CTC,WR,3,3,60
12121,Vijayawada Junction - Kalyan Junction MEMU,MEMU,BZA,KYN,SCR,4,3,45
12122,Ambala Cantt Junction - Hyderabad Deccan Passenger,Passenger,UMB,HYB,NR,5,6,40
12123,Secunderabad Junction - Solapur Junction Express,Express,SC,SUR,SCR,3,3,60
12124,Bhubaneswar - KSR Bengaluru City Junction Shatabdi,Shatabdi,BBS,SBC,ECoR,1,5,95
12125,New Jalpaiguri - Patna Junction Passenger,Passenger,NJP,PNBE,NFR,5,4,40
12126,Ambala Cantt Junction - Mumbai Central Shatabdi,Shatabdi,UMB,BCT,NR,1,5,95
12127,Guwahati - Barddhaman Junction Express,Express,GHY,BWN,NFR,3,4,60
12128,Patna Junction - Muzaffarpur Junction Shatabdi,Shatabdi,PNBE,MFP,ECR,1,2,95
12129,Ajmer Junction - Thiruvananthapuram Central Express,Express,AII,TVC,NWR,3,3,60
12130,Jaipur Junction - Cuttack Junction Passenger,Passenger,JP,CTC,NWR,5,4,40
12131,Raipur Junction - Tiruchchirapalli Junction Express,Express,R,TPJ,SECR,3,6,60
12132,Thiruvananthapuram Central - Delhi Junction (Old Delhi) Passenger,Passenger,TVC,DLI,SR,5,5,40
12133,Jaipur Junction - Jabalpur Junction Express,Express,JP,JBP,NWR,3,3,60
12134,Howrah Junction - Puri Express,Express,HWH,PURI,ER,3,6,60
12135,Durg Junction - New Delhi Rajdhani,Rajdhani,DURG,NDLS,SECR,1,4,90
12136,Visakhapatnam - Chhatrapati Shivaji Maharaj Terminus Superfast,Superfast,VSKP,CSMT,ECoR,2,4,75
12137,Ernakulam Junction - KSR Bengaluru City Junction Superfast,Superfast,ERS,SBC,SR,2,4,75
12138,Ernakulam Junction - Ahmedabad Junction Express,Express,ERS,ADI,SR,3,6,60
12139,Secunderabad Junction - Cuttack Junction Passenger,Passenger,SC,CTC,SCR,5,5,40
12140,Hyderabad Deccan - Howrah Junction MEMU,MEMU,HYB,HWH,SCR,4,5,45
12141,Delhi Junction (Old Delhi) - Mumbai Central Superfast,Superfast,DLI,BCT,NR,2,3,75
12142,Tatanagar Junction - Asansol Junction Shatabdi,Shatabdi,TATA,ASN,SER,1,4,95
12143,KSR Bengaluru City Junction - Gorakhpur Junction Express,Express,SBC,GKP,SWR,3,6,60
12144,Chennai Egmore - Chennai Central MEMU,MEMU,MS,MAS,SR,4,2,45
12145,Surat - Jodhpur Junction MEMU,MEMU,ST,JU,WR,4,5,45
12146,Ahmedabad Junction - Sealdah Superfast,Superfast,ADI,SDAH,WR,2,5,75
12147,Hubballi Junction - Bhubaneswar MEMU,MEMU,UBL,BBS,SWR,4,4,45
12148,Jabalpur Junction - Ahmedabad Junction Superfast,Superfast,JBP,ADI,WCR,2,2,75
12149,Chhatrapati Shivaji Maharaj Terminus - Cuttack Junction Superfast,Superfast,CSMT,CTC,CR,2,4,75
12150,Raipur Junction - KSR Bengaluru City Junction Passenger,Passenger,R,SBC,SECR,5,4,40
12151,Surat - Hyderabad Deccan MEMU,MEMU,ST,HYB,WR,4,6,45
12152,Jodhpur Junction - Pune Junction Passenger,Passenger,JU,PUNE,NWR,5,4,40
12153,Secunderabad Junction - Bhubaneswar Passenger,Passenger,SC,BBS,SCR,5,4,40
12154,Durg Junction - Delhi Junction (Old Delhi) Passenger,Passenger,DURG,DLI,SECR,5,4,40
12155,Nagpur Junction - Delhi Junction (Old Delhi) MEMU,MEMU,NGP,DLI,CR,4,2,45
12156,Puri - Kota Junction Superfast,Superfast,PURI,COR,ECoR,2,5,75
12157,Prayagraj Junction - Bilaspur Junction MEMU,MEMU,PRYJ,BSP,NCR,4,2,45
12158,Thiruvananthapuram Central - KSR Bengaluru City Junction Passenger,Passenger,TVC,SBC,SR,5,4,40
12159,Ratlam Junction - Ajmer Junction Passenger,Passenger,RTM,AII,WR,5,4,40
12160,Durg Junction - Prayagraj Junction Express,Express,DURG,PRYJ,SECR,3,3,60
12161,Jabalpur Junction - Prayagraj Junction Shatabdi,Shatabdi,JBP,PRYJ,WCR,1,3,95
12162,Tiruchchirapalli Junction - Madgaon Junction MEMU,MEMU,TPJ,MAO,SR,4,6,45
12163,Jhansi Junction - Visakhapatnam Express,Express,JHS,VSKP,NCR,3,4,60
12164,Kalyan Junction - Bilaspur Junction Express,Express,KYN,BSP,CR,3,4,60
12165,Bhusaval Junction - Mumbai Central Express,Express,BSL,BCT,CR,3,4,60
12166,Solapur Junction - Ratlam Junction Freight,Freight,SUR,RTM,CR,6,4,35
12167,Surat - Bhopal Junction Express,Express,ST,BPL,WR,3,4,60
12168,Visakhapatnam - Jabalpur Junction MEMU,MEMU,VSKP,JBP,ECoR,4,4,45
12169,Ahmedabad Junction - Muzaffarpur Junction Express,Express,ADI,MFP,WR,3,4,60
12170,Chhatrapati Shivaji Maharaj Terminus - Amritsar Junction Freight,Freight,CSMT,ASR,CR,6,4,35
12171,Pune Junction - Muzaffarpur Junction Express,Express,PUNE,MFP,CR,3,4,60
12172,Chennai Egmore - Sealdah Passenger,Passenger,MS,SDAH,SR,5,5,40
12173,Mysuru Junction - Prayagraj Junction Superfast,Superfast,MYS,PRYJ,SWR,2,5,75
12174,Chennai Central - Bhubaneswar MEMU,MEMU,MAS,BBS,SR,4,3,45
12175,Jaipur Junction - Vijayawada Junction MEMU,MEMU,JP,BZA,NWR,4,4,45
12176,Jabalpur Junction - Jhansi Junction Superfast,Superfast,JBP,JHS,WCR,2,3,75
12177,Kharagpur Junction - New Jalpaiguri Shatabdi,Shatabdi,KGP,NJP,SER,1,4,95
12178,Ernakulam Junction - Barddhaman Junction Shatabdi,Shatabdi,ERS,BWN,SR,1,5,95
12179,Agra Cantt - Ernakulam Junction Superfast,Superfast,AGC,ERS,NCR,2,6,75
12180,Howrah Junction - Mumbai Central Passenger,Passenger,HWH,BCT,ER,5,6,40
12181,Guwahati - New Jalpaiguri MEMU,MEMU,GHY,NJP,NFR,4,2,45
12182,Surat - Jaipur Junction Express,Express,ST,JP,WR,3,4,60
12183,Ambala Cantt Junction - Guwahati Express,Express,UMB,GHY,NR,3,6,60
12184,Barddhaman Junction - Raipur Junction MEMU,MEMU,BWN,R,ER,4,6,45
12185,Ratlam Junction - Kalyan Junction Shatabdi,Shatabdi,RTM,KYN,WR,1,4,95
12186,Ahmedabad Junction - Asansol Junction Superfast,Superfast,ADI,ASN,WR,2,5,75
12187,Bilaspur Junction - Sealdah Superfast,Superfast,BSP,SDAH,SECR,2,4,75
12188,Bhopal Junction - Tatanagar Junction Shatabdi,Shatabdi,BPL,TATA,WCR,1,5,95
12189,Amritsar Junction - Howrah Junction Superfast,Superfast,ASR,HWH,NR,2,4,75
12190,Bilaspur Junction - Jodhpur Junction Express,Express,BSP,JU,SECR,3,5,60
12191,Jabalpur Junction - Madurai Junction Express,Express,JBP,MDU,WCR,3,5,60
12192,Ahmedabad Junction - Guwahati Freight,Freight,ADI,GHY,WR,6,2,35
12193,Ernakulam Junction - Bilaspur Junction Freight,Freight,ERS,BSP,SR,6,5,35
12194,Muzaffarpur Junction - Visakhapatnam Passenger,Passenger,MFP,VSKP,ECR,5,5,40
12195,Amritsar Junction - Chhatrapati Shivaji Maharaj Terminus Express,Express,ASR,CSMT,NR,3,4,60
12196,Solapur Junction - Barddhaman Junction Passenger,Passenger,SUR,BWN,CR,5,7,40
12197,KSR Bengaluru City Junction - Chennai Egmore Express,Express,SBC,MS,SWR,3,4,60
12198,Ludhiana Junction - Patna Junction Express,Express,LDH,PNBE,NR,3,4,60
12199,Mysuru Junction - Coimbatore Junction Superfast,Superfast,MYS,CBE,SWR,2,5,75
12200,Patna Junction - Hubballi Junction Passenger,Passenger,PNBE,UBL,ECR,5,6,40
12201,Visakhapatnam - New Jalpaiguri Passenger,Passenger,VSKP,NJP,ECoR,5,5,40
12202,Gorakhpur Junction - Visakhapatnam Express,Express,GKP,VSKP,NER,3,5,60
12203,Amritsar Junction - Guwahati Express,Express,ASR,GHY,NR,3,6,60
12204,Chennai Egmore - Bilaspur Junction Express,Express,MS,BSP,SR,3,5,60
12205,Ernakulam Junction - Bhusaval Junction Rajdhani,Rajdhani,ERS,BSL,SR,1,5,90
12206,Mysuru Junction - Asansol Junction Freight,Freight,MYS,ASN,SWR,6,7,35
12207,Sealdah - Chhatrapati Shivaji Maharaj Terminus Superfast,Superfast,SDAH,CSMT,ER,2,4,75
12208,Asansol Junction - Agra Cantt Superfast,Superfast,ASN,AGC,ER,2,5,75
12209,Solapur Junction - Jhansi Junction MEMU,MEMU,SUR,JHS,CR,4,4,45
12210,Pune Junction - Jaipur Junction MEMU,MEMU,PUNE,JP,CR,4,3,45
12211,Coimbatore Junction - Jhansi Junction Passenger,Passenger,CBE,JHS,SR,5,6,40
12212,Sealdah - Jhansi Junction Rajdhani,Rajdhani,SDAH,JHS,ER,1,4,90
12213,Ahmedabad Junction - Secunderabad Junction Superfast,Superfast,ADI,SC,WR,2,5,75
12214,Kalyan Junction - Guwahati Freight,Freight,KYN,GHY,CR,6,5,35
12215,Thiruvananthapuram Central - Jhansi Junction Superfast,Superfast,TVC,JHS,SR,2,5,75
12216,KSR Bengaluru City Junction - Ludhiana Junction Express,Express,SBC,LDH,SWR,3,5,60
12217,Chennai Central - Hyderabad Deccan Express,Express,MAS,HYB,SR,3,3,60
12218,Madgaon Junction - Mysuru Junction Express,Express,MAO,MYS,KR,3,3,60
12219,Puri - Howrah Junction Express,Express,PURI,HWH,ECoR,3,6,60
12220,Ernakulam Junction - Barddhaman Junction Freight,Freight,ERS,BWN,SR,6,5,35
12221,Muzaffarpur Junction - Mysuru Junction Passenger,Passenger,MFP,MYS,ECR,5,7,40
12222,Raipur Junction - Kota Junction Superfast,Superfast,R,COR,SECR,2,4,75
12223,Bhopal Junction - Hyderabad Deccan Express,Express,BPL,HYB,WCR,3,4,60
12224,Jodhpur Junction - New Jalpaiguri Passenger,Passenger,JU,NJP,NWR,5,7,40
12225,Amritsar Junction - Chennai Central Shatabdi,Shatabdi,ASR,MAS,NR,1,4,95
12226,Nagpur Junction - Bhusaval Junction Express,Express,NGP,BSL,CR,3,3,60
12227,Vijayawada Junction - Bhopal Junction MEMU,MEMU,BZA,BPL,SCR,4,2,45
12228,Jaipur Junction - Thiruvananthapuram Central Superfast,Superfast,JP,TVC,NWR,2,2,75
12229,New Jalpaiguri - Ahmedabad Junction Superfast,Superfast,NJP,ADI,NFR,2,3,75
12230,Ernakulam Junction - Jodhpur Junction Superfast,Superfast,ERS,JU,SR,2,4,75
12231,Howrah Junction - Ahmedabad Junction MEMU,MEMU,HWH,ADI,ER,4,5,45
12232,Chennai Central - Vijayawada Junction Express,Express,MAS,BZA,SR,3,3,60
12233,New Jalpaiguri - Chennai Egmore Superfast,Superfast,NJP,MS,NFR,2,6,75
12234,Prayagraj Junction - New Delhi Express,Express,PRYJ,NDLS,NCR,3,2,60
12235,Mumbai Central - Hyderabad Deccan Passenger,Passenger,BCT,HYB,WR,5,5,40
12236,Howrah Junction - Madurai Junction Passenger,Passenger,HWH,MDU,ER,5,4,40
12237,Tatanagar Junction - Jabalpur Junction Passenger,Passenger,TATA,JBP,SER,5,4,40
12238,Ludhiana Junction - Kalyan Junction Superfast,Superfast,LDH,KYN,NR,2,5,75
12239,Delhi Junction (Old Delhi) - Vijayawada Junction Passenger,Passenger,DLI,BZA,NR,5,4,40
12240,Ernakulam Junction - Kharagpur Junction MEMU,MEMU,ERS,KGP,SR,4,3,45
12241,Vijayawada Junction - Mumbai Central Express,Express,BZA,BCT,SCR,3,4,60
12242,Vijayawada Junction - Bilaspur Junction Superfast,Superfast,BZA,BSP,SCR,2,4,75
12243,Prayagraj Junction - Delhi Junction (Old Delhi) Express,Express,PRYJ,DLI,NCR,3,3,60
12244,Mysuru Junction - Ajmer Junction Express,Express,MYS,AII,SWR,3,6,60
12245,Solapur Junction - New Delhi Freight,Freight,SUR,NDLS,CR,6,4,35
12246,Bilaspur Junction - Ludhiana Junction MEMU,MEMU,BSP,LDH,SECR,4,4,45
12247,Ernakulam Junction - Agra Cantt Express,Express,ERS,AGC,SR,3,6,60
12248,Tatanagar Junction - New Jalpaiguri Rajdhani,Rajdhani,TATA,NJP,SER,1,5,90
12249,New Jalpaiguri - Secunderabad Junction Express,Express,NJP,SC,NFR,3,6,60
12250,Bhubaneswar - Tiruchchirapalli Junction Express,Express,BBS,TPJ,ECoR,3,4,60
12251,Prayagraj Junction - Raipur Junction MEMU,MEMU,PRYJ,R,NCR,4,3,45
12252,Mysuru Junction - New Delhi Freight,Freight,MYS,NDLS,SWR,6,5,35
12253,Patna Junction - Surat Express,Express,PNBE,ST,ECR,3,5,60
12254,Bhopal Junction - Cuttack Junction Shatabdi,Shatabdi,BPL,CTC,WCR,1,5,95
12255,Madurai Junction - Howrah Junction Passenger,Passenger,MDU,HWH,SR,5,4,40
12256,New Delhi - Kalyan Junction Freight,Freight,NDLS,KYN,NR,6,4,35
12257,Madgaon Junction - Chennai Central Express,Express,MAO,MAS,KR,3,5,60
12258,Bhubaneswar - Surat Superfast,Superfast,BBS,ST,ECoR,2,3,75
12259,Gorakhpur Junction - Bhusaval Junction Express,Express,GKP,BSL,NER,3,6,60
12260,Agra Cantt - Kalyan Junction Express,Express,AGC,KYN,NCR,3,4,60
12261,Howrah Junction - Ratlam Junction Passenger,Passenger,HWH,RTM,ER,5,5,40
12262,Asansol Junction - Nagpur Junction Express,Express,ASN,NGP,ER,3,6,60
12263,Hubballi Junction - Kharagpur Junction Superfast,Superfast,UBL,KGP,SWR,2,5,75
12264,Madgaon Junction - Kalyan Junction Rajdhani,Rajdhani,MAO,KYN,KR,1,2,90
12265,Madurai Junction - Tatanagar Junction Passenger,Passenger,MDU,TATA,SR,5,4,40
12266,Mysuru Junction - New Delhi Express,Express,MYS,NDLS,SWR,3,5,60
12267,Puri - Gorakhpur Junction Passenger,Passenger,PURI,GKP,ECoR,5,6,40
12268,Solapur Junction - Sealdah Freight,Freight,SUR,SDAH,CR,6,5,35
12269,Hyderabad Deccan - Chennai Central Superfast,Superfast,HYB,MAS,SCR,2,3,75
12270,New Delhi - Guwahati Rajdhani,Rajdhani,NDLS,GHY,NR,1,5,90
12271,Coimbatore Junction - Gorakhpur Junction Express,Express,CBE,GKP,SR,3,5,60
12272,Chennai Egmore - Prayagraj Junction Shatabdi,Shatabdi,MS,PRYJ,SR,1,5,95
12273,Agra Cantt - Bhopal Junction Superfast,Superfast,AGC,BPL,NCR,2,3,75
12274,Prayagraj Junction - Cuttack Junction Passenger,Passenger,PRYJ,CTC,NCR,5,5,40
12275,Amritsar Junction - Puri Passenger,Passenger,ASR,PURI,NR,5,5,40
12276,Mysuru Junction - Thiruvananthapuram Central Passenger,Passenger,MYS,TVC,SWR,5,5,40
12277,Nagpur Junction - Amritsar Junction Superfast,Superfast,NGP,ASR,CR,2,4,75
12278,Ratlam Junction - Mysuru Junction Passenger,Passenger,RTM,MYS,WR,5,5,40
12279,Hyderabad Deccan - Muzaffarpur Junction Freight,Freight,HYB,MFP,SCR,6,6,35
12280,Nagpur Junction - New Delhi Express,Express,NGP,NDLS,CR,3,3,60
12281,Ambala Cantt Junction - Delhi Junction (Old Delhi) Superfast,Superfast,UMB,DLI,NR,2,3,75
12282,Cuttack Junction - Nagpur Junction Freight,Freight,CTC,NGP,ECoR,6,4,35
12283,Amritsar Junction - Bhopal Junction Freight,Freight,ASR,BPL,NR,6,4,35
12284,Visakhapatnam - Sealdah Freight,Freight,VSKP,SDAH,ECoR,6,3,35
12285,KSR Bengaluru City Junction - New Jalpaiguri MEMU,MEMU,SBC,NJP,SWR,4,6,45
12286,Muzaffarpur Junction - Ajmer Junction Passenger,Passenger,MFP,AII,ECR,5,7,40
12287,Ahmedabad Junction - Kalyan Junction Passenger,Passenger,ADI,KYN,WR,5,4,40
12288,Ernakulam Junction - Surat Express,Express,ERS,ST,SR,3,6,60
12289,Howrah Junction - Kalyan Junction Express,Express,HWH,KYN,ER,3,6,60
12290,New Jalpaiguri - Ernakulam Junction Passenger,Passenger,NJP,ERS,NFR,5,6,40
12291,Amritsar Junction - New Jalpaiguri Rajdhani,Rajdhani,ASR,NJP,NR,1,5,90
12292,Visakhapatnam - Hyderabad Deccan MEMU,MEMU,VSKP,HYB,ECoR,4,4,45
12293,Bilaspur Junction - Hyderabad Deccan Superfast,Superfast,BSP,HYB,SECR,2,5,75
12294,Pune Junction - Barddhaman Junction Freight,Freight,PUNE,BWN,CR,6,6,35
12295,Nagpur Junction - Asansol Junction Shatabdi,Shatabdi,NGP,ASN,CR,1,6,95
12296,Prayagraj Junction - Agra Cantt MEMU,MEMU,PRYJ,AGC,NCR,4,2,45
12297,Raipur Junction - New Jalpaiguri MEMU,MEMU,R,NJP,SECR,4,6,45
12298,Hubballi Junction - Solapur Junction Superfast,Superfast,UBL,SUR,SWR,2,5,75
12299,Jhansi Junction - Ambala Cantt Junction Passenger,Passenger,JHS,UMB,NCR,5,4,40
12300,Pune Junction - KSR Bengaluru City Junction Express,Express,PUNE,SBC,CR,3,4,60
12301,Madurai Junction - Sealdah Express,Express,MDU,SDAH,SR,3,5,60
12302,Dhanbad Junction - Secunderabad Junction Express,Express,DHN,SC,ECR,3,5,60
12303,Sealdah - Asansol Junction MEMU,MEMU,SDAH,ASN,ER,4,3,45
12304,Madgaon Junction - Kharagpur Junction Superfast,Superfast,MAO,KGP,KR,2,6,75
12305,Bilaspur Junction - Amritsar Junction Passenger,Passenger,BSP,ASR,SECR,5,4,40
12306,Madgaon Junction - Delhi Junction (Old Delhi) MEMU,MEMU,MAO,DLI,KR,4,4,45
12307,Mumbai Central - Prayagraj Junction Superfast,Superfast,BCT,PRYJ,WR,2,4,75
12308,Mumbai Central - Asansol Junction Express,Express,BCT,ASN,WR,3,6,60
12309,Prayagraj Junction - Madurai Junction Superfast,Superfast,PRYJ,MDU,NCR,2,5,75
12310,Secunderabad Junction - Kota Junction Shatabdi,Shatabdi,SC,COR,SCR,1,4,95
12311,Kharagpur Junction - Tatanagar Junction Superfast,Superfast,KGP,TATA,SER,2,2,75
12312,Surat - Coimbatore Junction Shatabdi,Shatabdi,ST,CBE,WR,1,6,95
12313,New Jalpaiguri - Jaipur Junction Passenger,Passenger,NJP,JP,NFR,5,6,40
12314,Kota Junction - Ratlam Junction Freight,Freight,COR,RTM,WCR,6,2,35
12315,Mysuru Junction - Asansol Junction Superfast,Superfast,MYS,ASN,SWR,2,7,75
12316,Chennai Egmore - Barddhaman Junction Express,Express,MS,BWN,SR,3,5,60
12317,Kharagpur Junction - Bhubaneswar Express,Express,KGP,BBS,SER,3,4,60
12318,Jabalpur Junction - Kalyan Junction Express,Express,JBP,KYN,WCR,3,4,60
12319,Asansol Junction - Hyderabad Deccan Express,Express,ASN,HYB,ER,3,6,60
